wx_count,mprotect_sum,ptrace_sum,syscall_rate,blocked_ratio,uid_is_root,event_burst_ratio,unique_event_diversity,label
0,0,0,22.5,0.016,0,1.45,0.395,0
0,1,0,15.99,0.035,0,0.28,0.288,0
0,2,0,26.14,0.009,0,0.46,0.13,0
0,2,0,23.76,0.046,0,0.65,0.388,0
1,2,0,37.13,0.003,0,1.3,0.141,0
0,1,0,9.5,0.035,0,0.47,0.197,0
4,4,0,206.49,0.66,1,9.72,0.968,1
0,1,0,26.93,0.009,0,0.19,0.302,0
4,2,0,429.31,0.512,1,9.74,0.558,1
4,6,3,137.09,0.108,1,9.1,0.729,1
10,6,3,417.64,0.2,1,9.35,0.865,1
0,2,0,29.85,0.011,0,1.49,0.378,0
0,0,0,27.03,0.017,0,1.23,0.278,0
0,2,0,11.78,0.001,0,1.28,0.306,0
0,2,0,4.23,0.035,0,0.51,0.168,0
1,8,1,155.25,0.704,0,6.74,0.671,1
0,0,0,12.71,0.013,0,0.86,0.232,0
6,4,3,252.13,0.464,1,7.69,0.592,1
0,0,0,22.41,0.03,0,0.6,0.197,0
0,2,0,5.67,0.027,0,0.5,0.124,0
0,0,0,30.38,0.003,0,0.92,0.132,0
6,2,3,64.04,0.613,1,5.98,0.586,1
0,1,0,31.62,0.026,0,0.84,0.3,0
2,8,0,170.43,0.853,0,7.16,0.576,1
0,0,0,27.13,0.024,0,0.68,0.165,0
3,3,0,93.21,0.789,0,5.33,0.675,1
0,0,0,31.97,0.031,0,0.34,0.16,0
0,2,0,16.09,0.044,0,0.87,0.379,0
7,7,0,236.72,0.154,0,4.96,0.967,1
9,4,0,71.98,0.441,1,3.77,0.761,1
0,0,0,22.79,0.046,0,1.17,0.385,0
0,0,0,1.62,0.006,0,1.04,0.337,0
3,3,1,426.07,0.234,1,4.95,0.507,1
1,3,0,86.75,0.429,1,5.36,0.756,1
0,2,0,21.76,0.034,0,1.17,0.11,0
6,4,0,103.33,0.736,1,9.34,0.685,1
7,7,1,101.92,0.742,0,3.31,0.917,1
4,2,1,313.51,0.891,1,4.51,0.748,1
0,2,0,34.05,0.03,0,0.56,0.338,0
0,1,0,17.26,0.009,0,0.86,0.167,0
5,3,1,193.64,0.249,0,4.81,0.971,1
0,1,0,32.67,0.007,0,1.08,0.382,0
0,1,0,35.15,0.023,0,1.41,0.356,0
1,4,3,108.03,0.375,0,6.08,0.57,1
6,3,1,312.11,0.509,1,2.41,0.624,1
0,0,0,1.03,0.032,0,1.18,0.388,0
0,2,0,28.35,0.049,1,0.21,0.196,0
2,4,3,498.88,0.224,0,8.45,0.86,1
0,0,0,3.37,0.028,0,0.62,0.236,0
5,8,2,415.82,0.377,1,8.91,1.0,1
1,0,0,8.3,0.029,0,1.47,0.308,0
5,7,0,417.76,0.65,1,3.65,0.552,1
0,1,0,18.64,0.026,0,0.87,0.342,0
5,8,2,287.05,0.354,1,5.59,0.709,1
0,0,0,37.92,0.044,0,1.11,0.135,0
0,2,0,31.01,0.027,0,0.6,0.139,0
0,1,0,37.14,0.008,0,0.62,0.103,0
1,7,0,321.61,0.855,1,2.43,0.675,1
0,1,0,5.27,0.02,0,1.49,0.24,0
4,2,3,60.09,0.586,1,5.25,0.844,1
0,0,0,18.99,0.011,1,1.28,0.168,0
7,5,3,346.37,0.598,0,8.89,0.667,1
0,1,0,25.48,0.046,0,1.43,0.2,0
0,0,0,22.7,0.049,0,1.2,0.337,0
1,2,3,143.74,0.314,0,6.44,0.766,1
0,1,0,26.57,0.04,0,0.65,0.215,0
0,2,0,13.31,0.047,0,1.17,0.2,0
7,3,1,72.02,0.641,0,5.22,0.541,1
4,4,2,337.46,0.826,1,4.63,0.684,1
0,1,0,27.55,0.01,0,0.25,0.27,0
10,2,3,117.12,0.152,0,4.27,0.726,1
0,2,0,7.37,0.04,0,0.47,0.351,0
2,4,2,170.21,0.673,0,3.01,0.813,1
0,1,0,34.92,0.035,0,1.23,0.259,0
10,7,0,465.61,0.605,1,4.41,0.947,1
0,0,0,34.66,0.042,0,1.14,0.323,0
0,1,0,18.15,0.018,1,0.96,0.318,0
0,2,0,3.81,0.023,0,0.55,0.11,0
0,2,0,24.47,0.021,0,0.27,0.262,0
0,2,0,27.99,0.028,0,1.32,0.305,0
0,1,0,24.95,0.03,0,1.36,0.227,0
0,2,0,39.01,0.042,0,0.84,0.102,0
0,0,0,35.76,0.025,0,1.29,0.217,0
0,1,0,27.05,0.028,0,1.05,0.344,0
0,2,0,9.45,0.047,0,0.54,0.254,0
10,2,0,76.72,0.141,1,3.96,0.809,1
3,6,1,132.55,0.722,1,9.65,0.781,1
0,2,0,3.82,0.001,0,0.9,0.178,0
7,7,1,311.21,0.872,1,5.92,0.584,1
0,1,0,8.77,0.007,0,0.8,0.387,0
1,6,2,52.28,0.157,0,9.16,0.769,1
1,6,2,349.18,0.699,1,9.0,0.872,1
0,0,0,28.67,0.004,1,1.37,0.324,0
0,1,0,29.42,0.041,0,1.34,0.264,0
2,3,0,410.86,0.321,0,2.55,0.8,1
5,8,3,359.26,0.492,1,3.91,0.818,1
4,5,3,376.21,0.59,0,3.37,0.846,1
0,0,0,1.09,0.002,0,1.16,0.145,0
0,0,0,30.2,0.039,1,0.43,0.343,0
1,7,2,71.21,0.837,0,6.28,0.56,1
2,2,2,354.62,0.177,0,5.96,0.734,1
1,4,3,270.07,0.724,0,7.16,0.953,1
3,6,0,78.71,0.447,0,3.2,0.8,1
7,3,0,483.26,0.808,0,8.55,0.733,1
5,7,2,152.45,0.178,1,9.95,0.655,1
5,2,2,394.6,0.694,1,8.23,0.503,1
0,2,0,14.8,0.001,0,0.16,0.334,0
2,2,1,451.32,0.528,1,5.37,0.515,1
1,8,2,366.12,0.555,1,6.81,0.766,1
10,6,0,491.08,0.343,1,6.76,0.806,1
0,1,0,12.02,0.021,0,1.05,0.356,0
8,4,2,306.84,0.334,1,6.13,0.965,1
9,8,2,129.56,0.651,0,9.8,0.934,1
7,7,2,322.54,0.326,1,4.37,0.877,1
0,2,0,15.3,0.039,0,1.2,0.219,0
10,5,3,322.26,0.152,1,8.16,0.553,1
0,2,0,6.8,0.002,0,0.17,0.241,0
0,0,0,24.47,0.026,0,0.59,0.313,0
1,0,0,5.35,0.013,0,1.12,0.206,0
0,2,0,17.07,0.025,0,0.21,0.365,0
0,0,0,38.74,0.016,0,1.33,0.196,0
4,7,2,359.99,0.839,1,3.27,0.729,1
1,8,1,278.85,0.375,1,7.59,0.749,1
0,2,0,16.73,0.012,0,0.37,0.182,0
3,5,0,97.87,0.196,1,6.49,0.679,1
0,0,0,35.62,0.047,1,0.38,0.326,0
8,8,0,83.6,0.684,1,3.81,0.549,1
0,1,0,18.19,0.021,0,0.4,0.274,0
0,0,0,18.21,0.023,0,1.11,0.253,0
1,2,0,27.48,0.023,0,0.18,0.161,0
0,0,0,3.35,0.045,0,0.24,0.238,0
0,2,0,11.11,0.002,0,0.27,0.176,0
7,6,2,206.24,0.603,1,3.97,0.887,1
0,1,0,15.07,0.026,0,1.27,0.316,0
4,4,2,461.46,0.32,0,2.21,0.873,1
6,8,0,163.36,0.871,1,3.75,0.94,1
0,2,0,38.87,0.049,0,0.1,0.144,0
0,1,0,14.2,0.042,0,0.49,0.117,0
5,3,2,272.31,0.339,1,2.14,0.915,1
0,1,0,28.0,0.022,0,1.12,0.15,0
0,0,0,2.61,0.014,0,0.5,0.376,0
0,2,0,39.25,0.02,0,1.12,0.271,0
6,7,0,57.24,0.122,1,4.44,0.778,1
1,7,2,430.85,0.4,0,6.13,0.79,1
6,3,2,429.81,0.361,0,3.26,0.681,1
0,1,0,38.7,0.036,0,0.31,0.151,0
0,2,0,33.38,0.03,1,0.58,0.384,0
2,2,2,215.12,0.833,1,7.7,0.721,1
0,1,0,39.23,0.018,1,1.12,0.355,0
10,7,1,90.87,0.536,1,8.36,0.8,1
10,5,2,407.47,0.734,0,2.87,0.511,1
0,1,0,14.69,0.035,0,0.35,0.302,0
1,8,2,487.77,0.297,1,8.03,0.68,1
8,4,2,284.01,0.367,1,4.38,0.847,1
7,3,1,260.2,0.685,0,8.88,0.696,1
0,2,0,12.1,0.04,0,0.17,0.25,0
0,1,0,9.34,0.036,0,1.34,0.155,0
8,7,1,273.4,0.856,1,7.27,0.661,1
0,2,0,22.97,0.047,0,1.22,0.156,0
7,8,0,52.25,0.173,1,5.76,0.778,1
4,7,0,434.13,0.57,0,5.26,0.761,1
5,6,3,339.49,0.799,0,6.46,0.629,1
7,2,2,463.43,0.656,1,7.63,0.716,1
2,6,2,301.22,0.35,0,6.7,0.902,1
3,3,0,373.73,0.714,1,3.87,0.816,1
6,5,0,164.59,0.157,1,4.8,0.685,1
0,0,0,5.3,0.035,0,1.3,0.188,0
6,4,2,130.65,0.667,1,3.08,0.705,1
0,2,0,36.87,0.004,0,0.12,0.378,0
0,0,0,33.25,0.031,0,1.15,0.128,0
0,0,0,8.09,0.041,1,1.15,0.322,0
3,2,1,277.93,0.859,0,7.58,0.936,1
0,0,0,31.53,0.021,0,1.03,0.3,0
8,5,3,427.93,0.33,1,8.31,0.741,1
0,2,0,35.62,0.014,0,0.41,0.364,0
9,8,1,313.4,0.789,0,6.83,0.887,1
0,0,0,10.14,0.023,0,0.24,0.114,0
7,2,1,264.39,0.485,0,4.55,0.709,1
0,1,0,37.83,0.012,0,0.59,0.317,0
3,5,2,405.18,0.45,1,5.67,0.654,1
0,2,0,6.92,0.04,0,0.96,0.248,0
1,5,1,339.6,0.304,1,3.28,0.607,1
0,2,0,28.15,0.034,0,1.38,0.144,0
0,0,0,26.05,0.043,0,0.91,0.362,0
9,4,0,238.03,0.82,0,8.99,0.629,1
4,2,1,82.06,0.826,0,7.58,0.538,1
0,0,0,27.73,0.002,0,0.75,0.213,0
2,8,2,308.84,0.391,1,9.24,0.51,1
0,0,0,17.56,0.028,0,0.48,0.33,0
0,2,0,22.36,0.009,0,1.31,0.384,0
2,2,1,172.16,0.847,1,9.38,0.555,1
0,0,0,24.12,0.002,0,1.23,0.217,0
8,2,3,129.52,0.628,1,7.72,0.919,1
6,5,1,419.82,0.514,1,6.42,0.807,1
0,0,0,2.28,0.023,1,0.51,0.359,0
0,0,0,11.76,0.029,0,0.79,0.163,0
0,2,0,20.9,0.014,0,0.99,0.323,0
0,1,0,11.95,0.0,0,0.66,0.12,0
0,1,0,25.14,0.04,0,0.86,0.298,0
5,8,2,110.15,0.478,1,6.37,0.571,1
5,5,1,372.88,0.815,0,3.69,0.68,1
5,3,1,359.75,0.211,1,6.2,0.973,1
9,8,0,437.12,0.534,1,6.78,0.512,1
0,1,0,26.9,0.03,0,0.59,0.107,0
8,3,0,216.5,0.583,1,9.5,0.727,1
0,1,0,26.31,0.042,0,1.22,0.342,0
8,4,2,375.28,0.352,0,2.75,0.933,1
0,1,0,7.12,0.039,1,1.19,0.334,0
2,6,2,168.62,0.463,1,8.93,0.587,1
2,2,1,431.5,0.64,1,4.7,0.827,1
0,0,0,22.3,0.041,0,0.66,0.329,0
1,2,3,170.82,0.187,0,9.38,0.788,1
10,2,3,462.25,0.35,0,3.4,0.517,1
0,2,0,10.31,0.047,1,0.22,0.321,0
7,7,1,466.12,0.739,1,5.23,0.637,1
6,5,1,372.46,0.435,1,6.84,0.806,1
0,2,0,2.77,0.002,0,0.86,0.162,0
0,2,0,24.99,0.031,0,0.49,0.388,0
0,2,0,1.95,0.031,0,0.61,0.137,0
4,7,3,335.26,0.498,1,4.13,0.969,1
0,0,0,39.49,0.014,0,1.15,0.32,0
5,2,1,433.68,0.134,1,4.39,0.97,1
8,5,3,110.76,0.464,0,4.48,0.748,1
0,0,0,12.82,0.018,0,0.35,0.202,0
0,0,0,21.56,0.044,0,0.18,0.36,0
0,0,0,33.79,0.037,0,0.13,0.202,0
4,3,3,432.08,0.741,0,7.04,0.811,1
1,8,0,286.44,0.536,0,9.66,0.973,1
9,8,1,421.53,0.319,0,4.61,0.704,1
9,8,1,208.79,0.434,0,4.65,0.503,1
5,3,0,111.08,0.442,1,9.57,0.594,1
0,0,0,11.2,0.01,0,1.38,0.223,0
0,1,0,23.94,0.037,0,0.67,0.387,0
0,1,0,8.34,0.035,0,1.16,0.124,0
5,4,0,453.11,0.756,1,9.68,0.899,1
1,7,0,180.04,0.235,1,7.13,0.884,1
5,8,1,80.67,0.324,1,2.96,0.85,1
0,0,0,30.51,0.017,0,0.12,0.284,0
6,7,1,323.4,0.574,1,4.82,0.977,1
1,2,0,9.89,0.014,0,0.42,0.362,0
0,0,0,25.58,0.008,0,1.19,0.243,0
0,0,0,17.01,0.011,0,1.38,0.326,0
6,8,2,238.47,0.389,1,9.12,0.794,1
0,0,0,27.37,0.014,1,0.53,0.25,0
1,2,0,5.41,0.044,0,0.18,0.336,0
8,6,3,214.79,0.435,1,2.91,0.659,1
6,4,0,184.08,0.775,0,3.51,0.636,1
0,0,0,39.97,0.029,0,1.38,0.288,0
10,7,1,102.47,0.819,1,3.09,0.929,1
0,1,0,9.73,0.021,0,0.8,0.299,0
0,2,0,19.88,0.035,0,0.78,0.211,0
0,2,0,21.14,0.025,0,1.12,0.254,0
0,1,0,11.0,0.016,0,1.1,0.193,0
2,5,2,267.74,0.728,1,3.06,0.729,1
6,6,2,296.23,0.475,1,7.48,0.617,1
5,8,3,187.28,0.632,1,4.41,0.795,1
5,8,3,443.33,0.879,0,6.44,0.542,1
7,2,1,296.41,0.591,0,6.38,0.648,1
9,6,2,175.64,0.125,0,2.13,0.5,1
4,2,1,445.57,0.392,1,2.05,0.816,1
1,3,3,143.22,0.652,1,6.27,0.748,1
1,3,1,473.15,0.625,1,6.17,0.77,1
9,4,1,238.37,0.356,1,9.42,0.542,1
2,7,3,170.74,0.722,1,2.92,0.765,1
5,5,0,379.35,0.883,1,6.28,0.789,1
9,2,3,436.45,0.484,0,2.87,0.511,1
0,2,0,18.23,0.038,0,1.17,0.232,0
0,0,0,15.63,0.021,0,0.42,0.251,0
9,5,3,167.22,0.213,1,9.5,0.605,1
0,2,0,38.1,0.049,0,0.16,0.174,0
3,6,1,166.93,0.376,1,8.87,0.97,1
0,0,0,30.1,0.019,0,0.41,0.349,0
0,0,0,24.05,0.015,0,1.0,0.218,0
0,1,0,6.53,0.035,0,0.12,0.119,0
5,3,3,433.97,0.204,0,3.61,0.658,1
0,2,0,16.29,0.034,1,0.1,0.245,0
4,6,3,488.33,0.8,0,6.76,0.731,1
0,0,0,17.82,0.015,0,0.96,0.157,0
0,1,0,10.7,0.024,0,0.51,0.203,0
0,2,0,7.73,0.005,0,1.47,0.293,0
7,6,0,484.29,0.785,0,8.47,0.633,1
3,7,2,144.86,0.458,1,5.3,0.637,1
10,4,3,448.03,0.759,1,5.48,0.845,1
1,0,0,18.33,0.015,0,0.15,0.314,0
0,2,0,26.75,0.015,0,0.16,0.308,0
7,7,1,164.33,0.863,0,5.65,0.678,1
0,0,0,10.03,0.011,0,0.97,0.315,0
5,4,0,354.32,0.694,1,4.96,0.881,1
0,1,0,28.91,0.042,1,0.25,0.329,0
9,6,3,173.84,0.52,0,4.86,0.866,1
5,6,0,489.81,0.396,1,8.16,0.741,1
5,2,1,335.15,0.105,0,6.53,0.565,1
0,0,0,1.1,0.045,1,0.62,0.146,0
7,3,2,442.51,0.556,1,2.42,0.839,1
0,0,0,20.1,0.047,0,1.4,0.13,0
0,0,0,19.32,0.036,0,1.39,0.179,0
0,1,0,36.1,0.019,0,1.04,0.321,0
1,8,3,406.5,0.509,1,6.86,0.778,1
6,5,2,418.53,0.424,1,8.5,0.615,1
0,2,0,32.31,0.004,0,0.82,0.116,0
3,2,3,304.23,0.422,1,3.65,0.801,1
3,5,3,419.55,0.335,0,3.91,0.664,1
9,5,3,331.18,0.72,0,7.57,0.592,1
4,5,3,436.1,0.728,0,3.14,0.708,1
0,1,0,1.88,0.025,0,1.36,0.347,0
6,6,0,106.56,0.71,1,7.6,0.683,1
0,0,0,20.28,0.038,0,0.81,0.197,0
0,0,0,23.19,0.032,0,0.81,0.172,0
1,0,0,10.15,0.041,0,0.6,0.128,0
10,5,1,224.95,0.25,1,4.27,0.601,1
4,5,0,264.98,0.249,0,9.5,0.718,1
2,6,2,327.91,0.772,0,6.15,0.59,1
0,0,0,36.56,0.003,0,1.13,0.231,0
0,1,0,37.51,0.023,0,1.28,0.231,0
0,2,0,10.6,0.032,0,1.17,0.111,0
10,8,2,101.67,0.102,1,8.67,0.9,1
0,1,0,18.96,0.031,1,0.58,0.349,0
4,7,2,268.36,0.831,1,5.28,0.743,1
0,2,0,36.42,0.011,0,0.76,0.357,0
0,1,0,39.83,0.023,0,0.66,0.325,0
10,3,3,388.03,0.464,1,2.97,0.59,1
5,6,1,320.88,0.324,1,3.12,0.794,1
7,8,1,126.03,0.665,1,6.26,0.866,1
0,0,0,3.93,0.049,0,0.3,0.26,0
5,6,0,482.44,0.305,0,6.61,0.927,1
4,2,3,73.62,0.235,0,6.6,0.781,1
0,1,0,12.28,0.01,0,0.22,0.162,0
0,1,0,20.17,0.008,0,1.38,0.194,0
3,4,0,458.92,0.196,1,9.76,0.981,1
9,3,2,305.76,0.627,1,4.49,0.555,1
4,4,3,271.16,0.147,0,2.46,0.882,1
10,4,0,362.59,0.791,1,2.91,0.66,1
10,4,0,55.19,0.484,1,5.51,0.92,1
2,2,0,206.53,0.526,1,8.48,0.871,1
0,0,0,30.45,0.004,0,0.3,0.234,0
1,7,1,166.38,0.318,1,2.37,0.782,1
3,5,2,398.62,0.497,1,4.34,0.618,1
0,2,0,18.89,0.015,0,0.91,0.276,0
6,5,2,228.62,0.184,1,6.65,0.591,1
8,4,3,424.42,0.836,1,8.18,0.676,1
3,5,2,458.39,0.436,1,4.85,0.509,1
9,6,1,472.97,0.479,0,3.4,0.782,1
0,2,0,24.87,0.038,0,0.25,0.23,0
0,2,0,33.68,0.042,0,0.5,0.18,0
0,0,0,21.16,0.015,1,0.11,0.268,0
6,2,3,187.07,0.162,1,8.47,0.701,1
9,8,3,147.38,0.179,1,8.06,0.672,1
0,2,0,34.94,0.021,0,0.41,0.178,0
0,2,0,2.34,0.036,0,0.6,0.262,0
9,8,1,453.03,0.562,0,4.1,0.822,1
4,4,1,339.83,0.372,1,2.36,0.545,1
1,3,2,183.09,0.588,1,2.14,0.529,1
0,0,0,31.1,0.003,0,1.47,0.201,0
2,2,2,385.71,0.83,1,4.87,0.769,1
0,1,0,31.8,0.022,0,0.49,0.298,0
7,5,2,377.73,0.65,1,8.14,0.733,1
10,7,2,372.3,0.649,0,4.64,0.536,1
4,2,0,199.31,0.205,1,7.15,0.758,1
7,3,3,404.72,0.1,0,3.16,0.503,1
0,2,0,3.33,0.024,0,0.66,0.101,0
0,2,0,38.38,0.023,0,0.65,0.168,0
6,8,1,263.28,0.257,1,3.08,0.854,1
0,0,0,19.32,0.042,0,1.29,0.31,0
0,1,0,27.87,0.049,0,1.39,0.349,0
3,6,2,391.6,0.443,0,9.06,0.574,1
7,8,0,119.93,0.443,1,8.12,0.733,1
0,2,0,30.4,0.036,0,0.71,0.253,0
0,2,0,39.31,0.035,0,0.53,0.24,0
0,2,0,20.5,0.04,0,1.32,0.149,0
1,2,0,316.58,0.693,1,2.22,0.909,1
0,1,0,37.13,0.045,0,0.97,0.138,0
0,0,0,39.39,0.041,0,0.61,0.227,0
0,1,0,26.68,0.025,0,0.36,0.306,0
3,7,3,240.67,0.164,0,2.76,0.932,1
8,3,1,100.92,0.849,1,3.84,0.697,1
8,7,1,148.39,0.118,0,7.04,0.727,1
7,5,3,93.21,0.467,1,6.29,0.539,1
4,5,1,239.54,0.145,0,6.59,0.607,1
0,0,0,18.15,0.002,1,1.13,0.186,0
0,0,0,37.36,0.021,0,0.56,0.271,0
3,4,0,149.55,0.259,1,2.23,0.967,1
0,2,0,28.47,0.035,0,0.72,0.135,0
0,2,0,6.47,0.019,0,1.39,0.201,0
10,4,1,303.73,0.828,1,4.07,0.871,1
1,7,1,409.29,0.448,1,5.99,0.689,1
1,1,0,22.32,0.049,0,1.46,0.171,0
3,6,1,101.61,0.122,0,3.44,0.891,1
0,1,0,20.43,0.036,0,0.58,0.277,0
0,1,0,24.86,0.023,0,0.72,0.316,0
5,4,2,385.62,0.465,1,8.06,0.764,1
8,3,3,433.27,0.858,0,2.4,0.893,1
10,7,0,489.82,0.136,1,5.36,0.717,1
0,0,0,8.32,0.049,0,0.66,0.32,0
7,6,0,356.75,0.523,0,7.1,0.995,1
3,5,0,339.5,0.358,0,2.14,0.684,1
0,0,0,25.55,0.035,0,0.33,0.181,0
8,3,1,119.42,0.397,0,2.14,0.957,1
4,3,1,391.3,0.208,1,5.91,0.652,1
0,1,0,10.03,0.037,0,0.52,0.137,0
0,2,0,39.69,0.037,0,1.34,0.284,0
6,6,3,124.65,0.551,1,4.21,0.61,1
5,7,3,395.11,0.553,1,4.79,0.536,1
0,0,0,17.85,0.047,0,1.44,0.363,0
9,7,2,390.92,0.578,1,10.0,0.758,1
0,2,0,33.95,0.043,0,0.8,0.11,0
0,0,0,39.16,0.041,0,1.47,0.327,0
0,2,0,24.33,0.003,1,1.29,0.36,0
0,0,0,22.63,0.036,0,0.62,0.159,0
0,1,0,23.22,0.032,1,0.82,0.204,0
0,2,0,22.18,0.026,0,0.19,0.123,0
5,2,2,109.93,0.277,1,6.56,0.971,1
0,0,0,3.08,0.033,0,0.18,0.222,0
0,0,0,10.55,0.009,0,0.73,0.316,0
0,1,0,4.25,0.01,0,0.22,0.197,0
9,6,1,159.2,0.148,1,9.62,0.66,1
0,1,0,6.01,0.009,0,0.9,0.37,0
0,2,0,34.03,0.04,0,0.64,0.37,0
0,2,0,12.84,0.041,0,1.4,0.353,0
0,1,0,3.82,0.023,0,0.74,0.257,0
0,0,0,12.02,0.038,1,0.84,0.254,0
8,7,1,226.98,0.417,1,7.31,0.829,1
0,2,0,7.34,0.044,0,0.39,0.161,0
0,1,0,24.79,0.036,0,1.11,0.317,0
8,6,1,240.44,0.114,1,3.26,0.509,1
0,1,0,31.16,0.028,0,0.74,0.321,0
0,1,0,27.52,0.019,0,1.34,0.371,0
10,8,2,235.65,0.22,0,8.13,0.525,1
4,2,3,62.94,0.616,1,7.97,0.72,1
10,2,1,447.52,0.283,1,3.82,0.688,1
10,3,1,78.82,0.296,1,3.03,0.897,1
6,4,2,96.06,0.648,1,9.98,0.796,1
0,0,0,4.54,0.007,0,0.42,0.193,0
6,4,2,451.4,0.298,1,6.95,0.749,1
0,0,0,27.08,0.024,0,1.46,0.396,0
5,6,3,413.79,0.495,1,4.07,0.529,1
0,1,0,26.95,0.049,0,0.8,0.242,0
10,4,0,404.85,0.636,1,3.65,0.769,1
0,0,0,19.04,0.009,0,1.24,0.127,0
0,2,0,32.93,0.043,0,0.47,0.288,0
0,2,0,32.65,0.006,0,1.48,0.253,0
3,4,2,190.41,0.855,0,6.44,0.876,1
9,5,3,424.26,0.218,1,3.5,0.665,1
0,1,0,21.16,0.023,0,1.47,0.156,0
6,7,3,204.86,0.227,1,4.76,0.571,1
0,2,0,16.46,0.025,0,0.59,0.113,0
10,7,0,407.29,0.774,1,5.54,0.643,1
0,0,0,9.16,0.035,0,0.97,0.304,0
0,2,0,36.45,0.013,0,0.34,0.262,0
2,7,0,265.44,0.492,1,5.0,0.692,1
2,4,1,71.23,0.408,0,9.34,0.735,1
0,2,0,24.56,0.041,0,0.54,0.396,0
0,2,0,23.33,0.008,0,0.66,0.301,0
0,2,0,19.53,0.037,0,0.75,0.255,0
0,2,0,34.78,0.016,0,1.21,0.289,0
0,1,0,38.27,0.001,0,0.5,0.168,0
0,0,0,9.18,0.049,0,1.34,0.32,0
1,2,3,200.36,0.346,0,3.21,0.994,1
0,0,0,32.65,0.004,0,0.71,0.213,0
8,6,1,485.36,0.624,0,5.56,0.932,1
8,6,3,372.99,0.606,0,9.65,0.973,1
5,4,0,350.45,0.457,1,3.27,0.908,1
0,2,0,30.01,0.047,0,1.42,0.166,0
0,0,0,14.57,0.031,0,0.63,0.169,0
0,0,0,34.39,0.012,0,0.13,0.327,0
0,0,0,10.15,0.047,0,1.17,0.116,0
0,2,0,12.65,0.012,0,0.44,0.354,0
0,2,0,10.24,0.016,0,0.75,0.268,0
0,0,0,2.63,0.035,0,0.81,0.315,0
10,6,0,144.51,0.576,0,6.81,0.901,1
9,5,1,306.9,0.624,0,5.6,0.962,1
0,1,0,23.88,0.048,0,0.38,0.219,0
2,4,3,474.75,0.366,1,8.91,0.899,1
0,2,0,3.42,0.001,0,1.44,0.211,0
7,5,2,104.66,0.793,0,2.3,0.875,1
5,4,2,173.85,0.573,1,6.77,0.827,1
8,2,3,182.43,0.213,1,7.51,0.501,1
0,0,0,6.22,0.017,0,1.19,0.357,0
0,2,0,16.67,0.001,0,0.56,0.267,0
2,3,1,378.85,0.382,0,3.06,0.586,1
0,2,0,6.34,0.04,1,0.91,0.221,0
10,8,2,118.79,0.716,1,2.02,0.738,1
0,0,0,24.73,0.044,0,0.84,0.32,0
2,4,1,76.46,0.247,1,9.14,0.584,1
9,6,3,144.99,0.432,0,2.75,0.692,1
7,3,1,203.91,0.524,0,2.75,0.522,1
0,0,0,8.63,0.037,0,1.02,0.239,0
0,2,0,26.65,0.022,0,0.92,0.198,0
10,5,3,159.28,0.62,1,4.9,0.819,1
6,6,1,301.79,0.761,1,3.76,0.622,1
0,2,0,33.08,0.018,0,0.91,0.371,0
9,7,3,282.2,0.221,1,9.15,0.505,1
0,0,0,12.94,0.04,0,0.9,0.219,0
1,8,1,158.31,0.767,1,4.54,0.915,1
0,1,0,20.83,0.011,1,0.83,0.359,0
9,6,3,376.45,0.613,1,9.06,0.7,1
0,2,0,39.69,0.043,0,1.0,0.305,0
2,2,2,335.36,0.654,0,8.95,0.549,1
7,8,3,142.96,0.673,1,5.48,0.711,1
0,0,0,36.38,0.044,0,0.45,0.321,0
0,2,0,25.42,0.021,0,1.44,0.294,0
2,4,2,484.2,0.625,0,5.13,0.94,1
0,0,0,36.34,0.011,0,1.15,0.305,0
0,1,0,6.26,0.034,0,0.41,0.16,0
0,0,0,37.18,0.04,0,1.28,0.22,0
6,7,1,232.17,0.157,0,7.86,0.657,1
8,2,2,101.51,0.84,1,8.12,0.952,1
0,2,0,2.98,0.018,0,0.35,0.311,0
4,2,3,393.23,0.579,1,4.98,0.72,1
6,7,3,115.34,0.839,0,7.71,0.633,1
0,2,0,3.64,0.027,0,0.82,0.166,0
1,2,0,35.3,0.014,0,0.6,0.311,0
9,7,1,432.81,0.596,0,2.53,0.724,1
0,0,0,25.04,0.012,0,0.63,0.151,0
5,3,2,274.56,0.129,1,2.6,0.851,1
4,6,1,245.32,0.801,0,4.28,0.636,1
0,0,0,27.01,0.008,0,0.21,0.222,0
6,2,1,205.58,0.891,1,2.81,0.794,1
0,1,0,7.76,0.014,0,0.18,0.127,0
0,2,0,9.87,0.038,0,0.32,0.173,0
5,7,0,373.76,0.463,1,2.97,0.528,1
6,2,1,476.91,0.154,0,5.26,0.769,1
7,3,3,289.89,0.741,0,3.68,0.927,1
0,1,0,30.47,0.035,0,0.97,0.17,0
0,1,0,7.39,0.034,0,0.47,0.184,0
6,5,2,216.1,0.119,0,2.55,0.757,1
0,2,0,37.3,0.041,0,0.96,0.161,0
0,1,0,12.48,0.026,0,0.67,0.349,0
0,2,0,20.37,0.044,0,0.4,0.281,0
3,8,2,305.91,0.151,1,5.26,0.731,1
0,2,0,16.55,0.032,0,0.47,0.326,0
6,6,1,405.21,0.113,1,2.44,0.681,1
7,5,0,108.28,0.156,1,7.33,0.803,1
10,4,2,459.05,0.24,0,3.1,0.892,1
0,2,0,5.78,0.014,0,1.34,0.148,0
9,5,2,443.65,0.25,0,4.62,0.938,1
0,0,0,26.38,0.048,0,0.8,0.282,0
1,7,1,252.48,0.162,1,9.19,0.958,1
0,2,0,22.29,0.003,0,1.12,0.158,0
1,1,0,14.18,0.002,0,0.74,0.287,0
9,5,2,228.47,0.446,1,4.78,0.59,1
8,3,1,497.73,0.474,0,7.14,0.741,1
0,1,0,39.59,0.034,0,1.47,0.275,0
4,5,3,290.22,0.818,0,5.03,0.66,1
0,0,0,30.17,0.023,0,1.12,0.394,0
5,7,1,244.69,0.349,1,4.63,0.967,1
3,5,3,400.3,0.784,1,6.75,0.942,1
0,2,0,14.61,0.014,0,0.17,0.204,0
10,8,0,327.9,0.235,1,3.46,0.722,1
6,4,1,253.54,0.231,0,4.83,0.625,1
5,3,0,200.81,0.147,0,2.87,0.643,1
0,0,0,10.69,0.018,0,0.13,0.238,0
5,2,0,377.51,0.134,0,6.4,0.834,1
0,1,0,5.37,0.002,0,0.35,0.17,0
0,1,0,28.38,0.037,0,0.2,0.304,0
0,2,0,25.2,0.009,0,1.5,0.317,0
1,5,0,358.99,0.218,1,9.76,0.807,1
4,4,3,332.44,0.501,1,6.92,0.623,1
5,3,0,178.65,0.529,0,2.09,0.775,1
1,2,0,14.02,0.004,0,0.26,0.161,0
7,3,1,303.07,0.696,1,6.02,0.787,1
2,8,2,98.46,0.313,1,3.97,0.852,1
3,3,3,253.68,0.395,1,4.49,0.568,1
2,8,1,399.35,0.339,1,9.43,0.6,1
0,0,0,35.48,0.037,0,0.43,0.152,0
3,3,2,494.77,0.667,0,3.5,0.755,1
0,1,0,13.58,0.035,0,0.53,0.316,0
0,1,0,7.28,0.013,0,0.93,0.164,0
0,1,0,39.34,0.013,0,0.54,0.115,0
4,8,2,267.5,0.322,0,6.58,0.85,1
4,6,3,365.58,0.742,1,5.22,0.769,1
0,0,0,22.84,0.002,0,1.05,0.169,0
2,7,1,409.11,0.695,1,8.61,0.853,1
2,7,1,85.63,0.415,1,4.41,0.943,1
0,2,0,32.62,0.027,0,1.27,0.393,0
0,2,0,34.02,0.023,0,1.0,0.166,0
2,5,2,422.61,0.219,0,5.7,0.83,1
8,2,2,62.16,0.183,1,8.29,0.762,1
0,1,0,12.14,0.006,0,0.85,0.217,0
0,0,0,38.34,0.047,0,0.55,0.292,0
0,2,0,33.83,0.03,0,0.77,0.333,0
3,4,1,365.17,0.648,1,9.25,0.959,1
0,0,0,36.96,0.048,0,1.25,0.27,0
0,1,0,36.05,0.041,0,0.23,0.156,0
0,1,0,11.36,0.022,0,0.67,0.392,0
0,0,0,28.54,0.005,0,0.69,0.35,0
0,1,0,29.35,0.041,0,0.98,0.238,0
0,0,0,7.17,0.006,0,0.83,0.126,0
0,1,0,37.7,0.028,0,0.33,0.303,0
0,0,0,29.74,0.046,0,0.64,0.267,0
0,2,0,11.21,0.037,0,0.6,0.114,0
10,4,2,227.29,0.503,0,4.43,0.787,1
0,0,0,24.49,0.032,0,0.37,0.209,0
0,0,0,9.21,0.044,0,0.28,0.36,0
4,8,1,274.28,0.608,1,5.15,0.807,1
0,2,0,19.78,0.02,0,0.84,0.271,0
0,0,0,31.27,0.005,0,0.73,0.232,0
0,1,0,14.09,0.041,0,0.9,0.113,0
0,1,0,8.3,0.044,0,0.5,0.16,0
9,4,2,334.83,0.438,0,7.29,0.866,1
5,2,1,437.9,0.516,1,8.03,0.852,1
0,0,0,2.09,0.016,0,0.45,0.151,0
0,2,0,22.08,0.045,0,0.46,0.343,0
1,2,3,201.49,0.715,0,5.48,0.982,1
0,1,0,15.86,0.004,0,0.81,0.128,0
0,2,0,11.45,0.024,0,0.67,0.124,0
10,3,2,111.65,0.53,1,3.29,0.516,1
0,1,0,19.89,0.025,0,1.09,0.351,0
0,0,0,17.71,0.04,0,1.35,0.1,0
0,1,0,3.21,0.001,0,1.43,0.239,0
0,0,0,15.83,0.017,0,0.17,0.25,0
0,2,0,28.08,0.037,0,0.41,0.227,0
0,1,0,31.46,0.048,0,0.39,0.18,0
8,8,0,205.48,0.206,1,5.79,0.818,1
0,2,0,9.41,0.045,0,1.32,0.246,0
6,3,0,278.74,0.233,1,5.14,0.752,1
0,1,0,16.68,0.025,1,0.74,0.328,0
0,0,0,8.56,0.04,0,0.9,0.206,0
7,6,1,212.42,0.471,1,7.97,0.986,1
2,5,3,363.88,0.616,1,7.64,0.854,1
8,8,0,188.43,0.545,0,5.08,0.819,1
0,2,0,2.63,0.024,0,1.29,0.18,0
4,6,3,246.04,0.375,1,4.16,0.893,1
0,0,0,17.33,0.028,0,0.38,0.243,0
2,8,1,205.14,0.332,0,3.62,0.993,1
4,8,1,276.91,0.769,1,3.86,0.835,1
0,1,0,11.11,0.046,0,0.35,0.285,0
0,0,0,28.93,0.046,0,0.21,0.384,0
8,5,0,170.53,0.495,0,5.09,0.584,1
3,4,2,262.98,0.27,0,7.41,0.902,1
0,2,0,15.95,0.048,0,0.63,0.36,0
0,2,0,36.54,0.025,0,0.14,0.152,0
0,2,0,33.66,0.0,0,0.57,0.252,0
0,2,0,2.66,0.01,0,1.21,0.191,0
0,2,0,17.65,0.046,0,1.48,0.161,0
0,2,0,8.06,0.013,0,0.64,0.291,0
0,1,0,9.63,0.041,0,0.76,0.261,0
0,2,0,6.32,0.003,1,1.49,0.344,0
8,7,1,265.19,0.485,0,9.55,0.664,1
4,3,2,265.07,0.771,1,8.52,0.956,1
3,2,1,173.34,0.77,1,2.16,0.826,1
0,0,0,6.81,0.019,0,1.48,0.152,0
8,5,2,190.7,0.724,1,8.56,0.955,1
6,8,3,329.16,0.105,1,5.03,0.637,1
6,7,1,464.82,0.307,1,9.54,0.999,1
0,1,0,17.71,0.004,0,1.36,0.329,0
1,7,3,364.35,0.598,1,7.71,0.725,1
1,1,0,15.58,0.028,0,0.56,0.184,0
1,7,0,322.72,0.168,1,6.58,0.55,1
3,6,1,317.23,0.256,1,5.56,0.755,1
0,0,0,31.11,0.013,0,0.56,0.19,0
7,5,1,271.82,0.492,1,5.8,0.736,1
10,7,2,210.94,0.883,1,3.08,0.923,1
0,2,0,29.88,0.038,0,0.22,0.172,0
0,0,0,21.72,0.041,1,1.39,0.172,0
10,6,3,334.82,0.475,1,4.56,0.798,1
0,1,0,20.43,0.021,0,0.42,0.295,0
8,2,2,279.68,0.125,0,7.56,0.686,1
0,2,0,29.43,0.015,0,1.19,0.276,0
10,8,0,478.91,0.339,0,5.36,0.562,1
5,4,1,197.93,0.428,1,5.33,0.803,1
2,6,1,429.29,0.511,1,5.54,0.587,1
0,2,0,28.2,0.022,0,0.38,0.302,0
0,2,0,1.14,0.014,0,0.76,0.162,0
4,3,3,107.22,0.362,1,4.54,0.569,1
0,0,0,11.37,0.031,0,0.41,0.327,0
5,4,3,222.87,0.729,0,6.14,0.754,1
1,3,2,64.7,0.493,1,3.61,0.928,1
7,4,1,123.27,0.176,1,9.99,0.934,1
6,3,3,52.78,0.285,1,4.77,0.633,1
0,1,0,37.51,0.024,0,0.22,0.207,0
0,2,0,2.86,0.036,0,0.45,0.387,0
2,2,3,165.43,0.681,0,4.5,0.738,1
0,0,0,9.09,0.006,0,0.16,0.141,0
3,5,0,114.61,0.836,0,2.63,0.755,1
9,5,0,323.05,0.778,1,6.85,0.949,1
0,0,0,8.4,0.002,0,0.45,0.167,0
9,8,0,336.74,0.387,1,5.84,0.859,1
0,1,0,20.89,0.05,0,1.3,0.194,0
0,1,0,37.8,0.004,0,0.8,0.374,0
10,7,1,360.14,0.785,1,6.5,0.999,1
0,0,0,33.26,0.009,0,0.92,0.386,0
0,0,0,7.27,0.011,0,0.9,0.104,0
0,0,0,3.92,0.017,0,1.36,0.262,0
7,4,1,93.38,0.41,0,3.43,0.804,1
9,5,2,238.09,0.655,0,5.49,0.723,1
10,4,2,218.8,0.794,0,5.92,0.711,1
10,3,0,393.0,0.189,1,9.97,0.986,1
8,7,2,320.04,0.226,0,3.0,0.527,1
0,2,0,24.01,0.028,0,0.55,0.372,0
1,8,3,168.53,0.601,1,3.61,0.854,1
5,3,0,308.02,0.608,0,7.77,0.904,1
4,5,0,436.48,0.654,1,6.45,0.543,1
0,2,0,34.0,0.034,0,0.88,0.362,0
3,3,2,119.04,0.27,1,7.27,0.567,1
0,2,0,38.56,0.025,0,1.48,0.182,0
0,1,0,8.03,0.019,0,0.78,0.221,0
0,1,0,3.18,0.024,0,0.87,0.351,0
0,1,0,9.89,0.011,0,1.13,0.276,0
0,2,0,11.45,0.001,0,0.46,0.324,0
2,5,2,159.78,0.807,1,6.9,0.577,1
4,4,3,113.37,0.207,1,4.85,0.819,1
0,0,0,11.15,0.047,0,1.13,0.263,0
0,0,0,36.5,0.002,0,0.73,0.394,0
6,8,0,61.74,0.52,1,8.91,0.797,1
9,2,0,468.52,0.345,0,8.37,0.693,1
2,2,3,94.91,0.495,0,2.66,0.725,1
0,0,0,33.47,0.023,1,0.35,0.115,0
4,7,0,404.24,0.653,1,6.51,0.545,1
9,8,2,481.53,0.575,0,2.4,0.714,1
0,1,0,4.18,0.048,0,1.16,0.221,0
4,5,1,361.45,0.262,0,3.62,0.603,1
4,8,1,94.55,0.853,1,7.85,0.939,1
4,3,1,74.59,0.414,1,9.88,0.624,1
0,2,0,28.25,0.011,0,1.34,0.179,0
4,5,2,107.78,0.557,1,5.84,0.928,1
0,0,0,31.13,0.02,0,0.71,0.34,0
0,1,0,6.59,0.013,0,1.24,0.221,0
0,0,0,5.86,0.041,0,0.41,0.177,0
2,6,3,408.5,0.207,1,4.08,0.785,1
0,1,0,1.93,0.029,0,0.6,0.176,0
0,1,0,2.27,0.04,0,1.3,0.38,0
0,1,0,27.99,0.015,0,0.52,0.151,0
3,7,1,235.18,0.465,1,7.9,0.546,1
0,1,0,27.26,0.002,0,1.43,0.353,0
7,8,0,81.76,0.75,0,2.93,0.964,1
9,6,1,323.56,0.555,0,4.45,0.972,1
0,0,0,25.17,0.025,0,0.8,0.101,0
6,2,2,125.54,0.671,0,8.54,0.51,1
8,2,3,460.49,0.421,0,9.29,0.879,1
9,3,1,492.74,0.812,0,7.78,0.556,1
10,5,2,340.71,0.167,1,6.41,0.536,1
0,2,0,23.28,0.031,0,0.85,0.237,0
1,1,0,36.6,0.01,0,0.71,0.388,0
0,0,0,35.97,0.008,0,1.43,0.267,0
1,1,0,27.85,0.029,0,0.23,0.247,0
3,7,0,425.08,0.511,0,9.83,0.874,1
0,0,0,33.45,0.041,0,1.31,0.379,0
7,8,0,214.2,0.455,1,5.52,0.971,1
0,1,0,25.43,0.003,0,1.05,0.132,0
0,1,0,10.3,0.036,0,1.0,0.315,0
4,6,2,169.62,0.559,0,6.43,0.861,1
0,2,0,17.24,0.036,0,0.95,0.145,0
1,5,2,238.75,0.812,1,3.83,0.605,1
10,2,2,174.03,0.624,0,7.65,0.859,1
0,0,0,8.56,0.034,0,1.18,0.162,0
0,1,0,15.12,0.004,0,0.73,0.155,0
2,3,0,100.21,0.889,1,2.64,0.727,1
0,2,0,22.3,0.011,0,0.56,0.223,0
0,1,0,39.75,0.008,0,0.88,0.167,0
0,0,0,37.75,0.017,0,0.91,0.226,0
6,8,0,221.14,0.317,0,2.79,0.947,1
0,0,0,1.76,0.041,0,0.35,0.248,0
0,0,0,26.58,0.041,0,0.46,0.249,0
0,0,0,29.16,0.001,0,0.85,0.242,0
8,5,0,370.49,0.287,1,4.08,0.969,1
10,2,0,89.46,0.701,1,6.04,0.878,1
0,1,0,14.71,0.013,0,1.46,0.314,0
0,0,0,7.74,0.013,0,0.77,0.199,0
0,2,0,28.33,0.021,1,0.51,0.296,0
0,2,0,14.34,0.024,0,0.87,0.36,0
8,2,3,227.97,0.441,0,7.98,0.714,1
0,2,0,30.98,0.037,0,1.04,0.194,0
0,1,0,6.91,0.001,0,0.91,0.156,0
0,1,0,23.11,0.007,0,1.32,0.331,0
0,0,0,38.92,0.05,0,0.27,0.108,0
10,4,3,414.58,0.711,1,6.84,0.98,1
6,8,1,211.11,0.884,1,7.4,0.965,1
6,5,3,449.19,0.163,1,2.32,0.807,1
0,1,0,32.11,0.001,0,1.33,0.163,0
0,2,0,36.33,0.007,1,1.03,0.129,0
0,1,0,19.02,0.012,0,1.36,0.161,0
3,6,1,394.76,0.133,1,5.89,0.56,1
0,1,0,31.18,0.018,0,0.39,0.214,0
0,0,0,24.54,0.032,0,1.32,0.242,0
8,3,0,385.66,0.873,1,6.27,0.851,1
3,3,1,303.79,0.436,0,2.55,0.839,1
0,2,0,14.25,0.012,0,0.66,0.121,0
1,3,1,296.69,0.888,0,9.31,0.653,1
4,7,0,71.39,0.189,0,5.44,0.799,1
7,4,2,217.48,0.332,1,2.12,0.747,1
8,4,0,123.62,0.863,0,4.99,0.576,1
0,1,0,31.77,0.05,1,1.45,0.218,0
0,1,0,33.98,0.013,0,0.7,0.17,0
1,4,0,220.52,0.213,0,5.02,0.626,1
5,7,1,357.83,0.344,0,8.52,0.53,1
3,3,2,88.82,0.141,1,8.1,0.754,1
0,0,0,20.08,0.041,1,0.71,0.322,0
0,2,0,13.0,0.039,0,0.54,0.371,0
10,3,1,176.97,0.15,1,5.73,0.749,1
1,0,0,19.75,0.047,0,0.5,0.125,0
5,7,0,86.55,0.751,1,7.74,0.534,1
0,1,0,2.07,0.032,0,0.49,0.285,0
8,8,3,138.18,0.317,1,5.39,0.942,1
2,4,3,229.97,0.181,0,2.07,0.632,1
0,2,0,25.29,0.002,1,0.14,0.303,0
4,3,0,339.56,0.523,1,8.99,0.847,1
0,2,0,31.22,0.024,0,0.73,0.365,0
2,4,2,147.54,0.616,0,6.26,0.71,1
1,2,0,25.96,0.023,0,1.33,0.162,0
3,8,1,354.96,0.526,0,4.28,0.873,1
0,2,0,31.58,0.031,0,1.33,0.146,0
0,2,0,35.85,0.03,0,0.32,0.326,0
0,1,0,35.8,0.021,0,1.43,0.372,0
0,1,0,31.11,0.022,0,1.49,0.278,0
4,5,0,65.87,0.429,0,8.2,0.62,1
2,6,1,260.12,0.318,0,2.71,0.647,1
0,0,0,12.93,0.029,0,1.23,0.287,0
1,1,0,26.67,0.016,0,0.4,0.185,0
4,6,3,109.06,0.369,1,2.61,0.799,1
0,0,0,18.87,0.043,0,0.87,0.258,0
0,1,0,27.74,0.015,0,0.83,0.173,0
0,2,0,26.67,0.034,0,0.27,0.351,0
0,1,0,25.3,0.017,0,0.79,0.154,0
5,3,2,259.44,0.494,1,3.24,0.529,1
3,4,0,233.39,0.82,0,7.88,0.607,1
0,0,0,18.12,0.031,0,0.86,0.236,0
4,5,2,61.0,0.27,1,7.33,0.923,1
1,3,3,349.89,0.256,0,9.65,0.847,1
1,2,0,10.67,0.047,0,0.9,0.356,0
0,2,0,15.38,0.012,0,1.16,0.165,0
0,0,0,6.02,0.009,0,1.14,0.15,0
7,6,2,118.58,0.643,1,4.02,0.713,1
10,8,1,490.9,0.494,1,8.82,0.935,1
6,6,3,164.49,0.683,1,2.43,0.811,1
4,3,0,466.92,0.274,0,6.7,0.932,1
5,8,2,182.48,0.251,1,5.54,0.816,1
0,2,0,28.16,0.045,0,0.23,0.303,0
1,8,1,404.65,0.111,0,3.82,0.729,1
7,4,3,290.86,0.141,0,5.79,0.748,1
0,1,0,9.1,0.014,0,0.71,0.394,0
6,5,2,167.01,0.154,1,8.19,0.761,1
0,0,0,38.93,0.038,0,0.75,0.345,0
6,6,1,275.03,0.419,0,3.27,0.657,1
7,6,2,341.19,0.363,1,4.26,1.0,1
0,1,0,36.58,0.032,0,0.55,0.374,0
0,1,0,16.71,0.026,0,0.64,0.163,0
0,0,0,31.61,0.019,0,0.38,0.249,0
0,1,0,26.06,0.029,0,0.91,0.284,0
0,1,0,17.39,0.028,0,0.84,0.17,0
0,0,0,1.39,0.045,0,0.69,0.288,0
7,7,0,422.84,0.526,1,6.6,0.959,1
3,7,2,452.31,0.203,1,4.9,0.546,1
5,7,2,366.73,0.841,0,2.64,0.948,1
4,4,3,317.96,0.634,1,8.8,0.733,1
1,3,1,59.3,0.286,1,3.29,0.961,1
7,3,2,163.86,0.874,1,3.8,0.933,1
0,0,0,9.91,0.045,0,0.59,0.157,0
1,3,1,66.58,0.597,0,3.78,0.529,1
3,2,3,114.89,0.509,0,6.0,0.755,1
0,2,0,27.09,0.028,0,1.34,0.104,0
10,8,3,444.77,0.823,1,7.02,0.944,1
7,5,1,454.57,0.543,0,5.31,0.895,1
0,1,0,20.84,0.002,0,0.89,0.15,0
0,2,0,23.92,0.018,0,1.07,0.288,0
2,3,3,112.99,0.204,1,8.2,0.576,1
0,1,0,37.09,0.012,0,1.01,0.241,0
0,2,0,38.79,0.043,0,1.06,0.288,0
10,4,1,237.95,0.347,1,4.1,0.833,1
9,8,0,466.05,0.562,1,6.72,0.703,1
0,2,0,8.8,0.002,0,0.94,0.221,0
8,7,1,295.6,0.455,0,7.31,0.944,1
0,0,0,20.46,0.002,0,1.43,0.294,0
2,2,3,479.05,0.593,0,8.0,0.869,1
10,8,0,435.6,0.713,1,6.9,0.547,1
9,4,1,154.72,0.251,1,6.89,0.958,1
0,1,0,2.66,0.01,0,0.51,0.399,0
0,0,0,29.47,0.015,0,1.14,0.329,0
0,1,0,35.17,0.012,0,1.03,0.359,0
3,6,3,204.8,0.264,0,8.78,0.981,1
0,0,0,18.57,0.015,0,1.4,0.209,0
0,1,0,25.02,0.043,0,1.43,0.174,0
9,6,0,377.47,0.852,0,4.6,0.655,1
0,2,0,8.56,0.01,0,0.18,0.302,0
0,2,0,38.59,0.026,0,1.45,0.167,0
9,6,2,259.23,0.365,1,8.46,0.826,1
1,7,2,316.62,0.292,0,2.61,0.989,1
0,2,0,25.32,0.002,0,0.4,0.234,0
0,1,0,39.08,0.034,0,1.11,0.324,0
4,5,2,292.18,0.479,0,3.47,0.618,1
8,6,2,445.43,0.499,1,8.32,0.682,1
10,3,2,376.02,0.513,1,3.27,0.754,1
5,8,0,130.97,0.512,0,9.99,0.973,1
0,0,0,30.0,0.036,0,0.75,0.256,0
0,0,0,12.04,0.006,0,0.92,0.193,0
0,2,0,31.73,0.039,0,0.51,0.348,0
4,7,3,242.73,0.23,0,4.33,0.674,1
3,8,3,330.15,0.147,1,6.32,0.592,1
0,0,0,27.98,0.023,1,0.42,0.14,0
1,2,0,405.22,0.435,1,7.63,0.818,1
0,1,0,34.03,0.015,0,0.14,0.252,0
0,0,0,18.39,0.043,0,0.85,0.146,0
0,2,0,37.34,0.038,0,0.75,0.336,0
0,1,0,39.01,0.042,0,1.34,0.156,0
0,1,0,3.4,0.012,0,0.87,0.133,0
5,5,2,296.48,0.579,1,7.55,0.727,1
4,4,3,50.57,0.78,0,2.74,0.849,1
0,0,0,12.76,0.02,0,0.98,0.102,0
0,0,0,22.88,0.031,0,1.11,0.198,0
0,0,0,11.46,0.04,1,0.2,0.178,0
4,2,2,191.71,0.587,1,5.86,0.725,1
0,0,0,36.84,0.034,0,0.84,0.294,0
0,2,0,33.11,0.046,0,0.24,0.353,0
4,8,3,100.3,0.671,1,8.29,0.929,1
7,5,2,453.93,0.113,1,4.21,0.839,1
2,6,0,187.47,0.556,0,2.19,0.55,1
0,0,0,20.69,0.045,0,0.38,0.352,0
5,3,0,233.69,0.167,1,3.08,0.778,1
0,2,0,14.55,0.028,1,0.35,0.157,0
2,7,3,464.02,0.556,0,6.53,0.768,1
0,2,0,31.12,0.005,1,1.11,0.249,0
0,0,0,36.12,0.029,0,0.12,0.272,0
0,1,0,9.41,0.003,0,1.39,0.35,0
7,8,1,131.9,0.422,0,6.9,0.998,1
0,0,0,33.53,0.023,0,1.19,0.386,0
0,1,0,7.1,0.021,0,0.55,0.334,0
0,0,0,2.8,0.04,0,0.88,0.364,0
2,2,3,178.71,0.733,0,8.65,0.993,1
5,2,1,268.25,0.549,1,9.76,0.851,1
3,8,1,396.98,0.332,1,4.46,0.851,1
5,8,0,484.83,0.644,1,9.47,0.946,1
5,4,0,405.97,0.572,1,5.56,0.727,1
0,2,0,30.49,0.004,0,1.05,0.227,0
0,1,0,35.21,0.02,0,0.32,0.274,0
0,2,0,32.65,0.007,0,1.26,0.255,0
7,3,1,70.16,0.537,0,9.19,0.703,1
2,7,2,171.0,0.167,0,6.38,0.617,1
4,2,1,297.02,0.51,0,4.74,0.538,1
0,1,0,25.16,0.033,0,0.97,0.258,0
7,6,2,154.24,0.155,0,7.6,0.914,1
0,0,0,36.7,0.037,0,0.66,0.17,0
0,0,0,34.53,0.036,0,1.11,0.149,0
0,0,0,9.16,0.028,0,0.85,0.159,0
1,8,3,103.32,0.655,0,7.67,0.878,1
0,1,0,25.39,0.049,0,1.22,0.318,0
9,7,2,458.68,0.143,0,8.43,0.527,1
0,2,0,5.36,0.035,0,0.34,0.171,0
0,1,0,31.28,0.015,0,0.56,0.302,0
3,5,1,51.64,0.557,1,10.0,0.577,1
2,7,0,448.5,0.156,0,5.77,0.673,1
0,0,0,39.93,0.045,0,1.18,0.158,0
0,0,0,30.47,0.023,0,1.47,0.373,0
0,1,0,29.37,0.009,0,0.71,0.389,0
1,8,3,398.09,0.188,1,9.7,0.521,1
0,0,0,8.46,0.038,0,0.66,0.27,0
7,8,0,421.81,0.143,0,3.0,0.601,1
0,0,0,7.26,0.007,0,0.5,0.389,0
4,6,1,343.26,0.594,1,6.44,0.964,1
9,2,2,200.02,0.864,1,7.16,0.877,1
0,2,0,4.59,0.021,0,0.5,0.169,0
2,5,0,260.27,0.65,1,7.78,0.536,1
0,0,0,26.7,0.006,0,0.65,0.197,0
1,5,3,423.38,0.507,1,6.32,0.768,1
0,0,0,5.92,0.012,0,1.13,0.383,0
0,0,0,10.68,0.001,1,0.43,0.291,0
4,3,2,377.81,0.708,1,5.12,0.739,1
0,0,0,28.51,0.012,1,1.27,0.356,0
2,4,3,96.75,0.34,1,7.1,0.713,1
0,1,0,19.2,0.046,0,1.04,0.375,0
8,6,3,175.16,0.401,0,4.27,0.795,1
0,1,0,32.69,0.009,0,0.83,0.298,0
9,6,0,59.12,0.734,1,6.69,0.722,1
2,8,0,217.85,0.364,0,2.5,0.662,1
10,7,3,90.74,0.209,1,7.9,0.923,1
0,2,0,18.25,0.009,0,0.48,0.183,0
10,2,2,270.67,0.362,1,6.09,0.863,1
6,4,3,79.15,0.827,1,4.54,0.592,1
8,7,2,124.74,0.123,1,7.24,0.958,1
8,5,0,297.83,0.773,0,4.42,0.906,1
0,2,0,12.75,0.036,0,0.58,0.283,0
5,7,0,196.55,0.724,1,5.7,0.664,1
0,1,0,24.37,0.021,0,0.21,0.274,0
0,2,0,24.85,0.041,0,0.65,0.236,0
0,2,0,35.21,0.001,0,1.26,0.225,0
0,0,0,11.62,0.016,0,0.37,0.228,0
0,0,0,24.89,0.028,0,1.27,0.167,0
1,7,1,225.16,0.57,0,9.97,0.597,1
3,8,2,445.42,0.685,0,5.58,0.627,1
0,1,0,19.35,0.027,0,0.56,0.245,0
8,8,2,498.02,0.616,1,4.47,0.818,1
9,3,2,329.87,0.554,1,4.05,0.71,1
8,3,3,282.02,0.412,1,6.62,0.885,1
0,2,0,15.55,0.027,0,0.55,0.397,0
0,1,0,30.54,0.003,0,1.06,0.215,0
0,0,0,9.6,0.018,0,1.43,0.346,0
5,4,2,207.09,0.272,1,2.16,0.946,1
0,2,0,26.84,0.046,1,0.38,0.285,0
0,2,0,30.54,0.033,0,1.48,0.183,0
3,5,0,122.91,0.11,0,7.48,0.667,1
3,4,0,469.74,0.541,1,6.48,0.522,1
1,1,0,19.76,0.042,0,1.07,0.15,0
8,6,2,119.96,0.774,1,6.79,0.753,1
1,2,1,54.29,0.314,1,5.77,0.789,1
0,0,0,22.95,0.016,0,0.18,0.123,0
0,2,0,38.86,0.044,0,1.02,0.123,0
7,6,3,217.17,0.181,0,5.64,0.989,1
7,3,2,373.04,0.24,1,9.72,0.518,1
2,4,2,83.8,0.678,0,2.63,0.544,1
0,0,0,1.25,0.041,0,0.95,0.174,0
6,2,3,353.68,0.281,1,5.78,0.993,1
0,0,0,33.47,0.03,0,0.22,0.173,0
0,2,0,28.53,0.042,1,0.84,0.249,0
1,7,2,487.97,0.227,0,8.5,0.658,1
0,0,0,37.05,0.047,0,0.86,0.271,0
7,8,1,169.96,0.809,0,5.38,0.989,1
0,0,0,1.15,0.03,0,0.71,0.145,0
0,1,0,21.38,0.02,0,0.76,0.133,0
1,3,2,118.49,0.892,1,7.49,0.726,1
7,3,3,234.0,0.382,1,5.96,0.966,1
10,3,1,464.84,0.662,0,5.8,0.965,1
3,3,3,485.5,0.773,0,2.26,0.671,1
0,2,0,17.53,0.023,0,1.22,0.305,0
5,8,3,247.85,0.537,1,6.0,0.638,1
0,2,0,11.04,0.016,0,0.48,0.2,0
7,6,0,117.04,0.562,1,4.75,0.863,1
0,1,0,1.99,0.012,1,0.76,0.177,0
0,0,0,12.63,0.038,0,1.12,0.364,0
10,5,1,333.34,0.552,1,7.91,0.706,1
0,0,0,7.23,0.044,0,1.37,0.218,0
0,1,0,38.27,0.008,0,0.9,0.297,0
3,2,0,90.04,0.639,1,5.69,0.653,1
4,6,2,244.89,0.793,1,7.35,0.729,1
8,3,2,391.41,0.821,1,3.78,0.942,1
7,3,2,292.9,0.707,1,3.67,0.559,1
0,1,0,4.01,0.045,0,1.4,0.379,0
0,2,0,33.69,0.028,0,0.41,0.377,0
0,1,0,5.69,0.047,0,0.87,0.391,0
7,6,3,257.43,0.107,0,7.36,0.815,1
3,3,3,287.16,0.666,0,5.91,0.955,1
0,0,0,1.43,0.003,0,0.13,0.207,0
0,0,0,26.02,0.039,0,0.62,0.363,0
8,3,2,155.55,0.71,1,8.84,0.785,1
10,8,0,331.5,0.498,0,3.01,0.954,1
0,1,0,35.91,0.007,0,0.85,0.384,0
5,5,1,164.52,0.617,1,8.4,0.906,1
5,4,1,168.11,0.187,0,2.58,0.557,1
0,2,0,27.61,0.014,0,0.35,0.312,0
7,2,3,183.24,0.558,1,5.41,0.858,1
0,1,0,1.8,0.028,0,1.02,0.136,0
0,0,0,37.94,0.041,0,0.71,0.155,0
2,8,2,462.32,0.38,0,6.85,0.67,1
10,6,0,447.72,0.697,1,2.15,0.702,1
3,8,1,231.14,0.772,1,6.93,0.788,1
1,2,1,314.07,0.225,0,8.06,0.635,1
0,0,0,34.57,0.018,0,1.25,0.293,0
0,1,0,4.19,0.007,0,0.57,0.373,0
1,2,0,210.41,0.813,1,2.38,0.912,1
7,7,3,471.75,0.501,0,3.59,0.983,1
0,2,0,5.11,0.02,0,0.71,0.187,0
0,2,0,36.26,0.013,0,0.1,0.322,0
9,5,0,352.95,0.176,0,2.22,0.588,1
0,1,0,12.44,0.032,0,0.83,0.38,0
1,4,3,224.73,0.848,1,2.7,0.827,1
0,2,0,33.77,0.019,0,0.93,0.154,0
10,2,2,458.34,0.865,1,2.31,0.633,1
0,2,0,37.98,0.04,0,1.17,0.314,0
3,5,3,254.07,0.883,1,2.66,0.737,1
8,4,2,408.49,0.551,1,10.0,0.675,1
2,5,3,77.98,0.225,1,4.26,0.581,1
0,0,0,22.75,0.028,0,0.93,0.372,0
2,2,2,472.36,0.8,1,5.11,0.609,1
7,2,1,66.18,0.344,0,8.12,0.929,1
9,7,3,74.27,0.9,0,2.38,0.941,1
0,1,0,31.86,0.014,1,0.74,0.128,0
5,6,2,361.54,0.405,0,8.25,0.747,1
9,7,3,351.8,0.439,1,2.2,0.547,1
7,7,3,226.87,0.608,0,5.96,0.757,1
3,7,2,355.56,0.183,0,4.17,0.819,1
9,7,2,358.58,0.77,0,9.35,0.754,1
0,2,0,22.32,0.023,0,0.32,0.339,0
0,1,0,29.04,0.011,0,1.27,0.329,0
8,8,2,88.83,0.438,0,8.08,0.918,1
2,5,2,134.88,0.469,1,4.57,0.621,1
0,2,0,21.23,0.029,0,1.22,0.236,0
7,5,0,359.18,0.557,1,8.63,0.967,1
1,3,1,425.6,0.796,0,6.13,0.613,1
10,4,1,254.68,0.222,1,6.05,0.939,1
1,0,0,19.31,0.047,0,1.47,0.361,0
1,5,2,67.57,0.78,0,6.95,0.646,1
0,1,0,11.38,0.022,0,1.28,0.143,0
0,1,0,22.54,0.02,1,0.64,0.306,0
0,0,0,27.28,0.02,0,1.2,0.23,0
1,0,0,23.23,0.003,0,0.22,0.303,0
6,3,0,405.28,0.629,1,4.95,0.623,1
10,6,3,318.29,0.118,1,3.31,0.715,1
6,3,0,276.87,0.664,0,8.05,0.911,1
0,1,0,22.68,0.009,0,0.56,0.18,0
10,3,2,346.03,0.4,1,5.82,0.887,1
2,4,1,424.72,0.146,1,8.56,0.959,1
3,3,0,474.9,0.158,1,3.58,0.948,1
1,0,0,36.67,0.009,0,0.46,0.298,0
4,5,3,71.92,0.732,1,5.95,0.737,1
1,2,0,18.34,0.034,0,0.68,0.249,0
3,3,0,377.1,0.834,1,9.7,0.51,1
0,1,0,5.35,0.0,0,0.18,0.324,0
0,2,0,6.4,0.037,0,1.2,0.239,0
0,1,0,2.43,0.045,0,1.18,0.235,0
6,5,1,276.71,0.38,1,7.88,0.716,1
0,1,0,34.64,0.018,0,0.66,0.102,0
0,2,0,14.27,0.01,0,0.7,0.206,0
10,2,0,165.22,0.152,1,8.57,0.876,1
2,4,1,167.88,0.685,1,7.65,0.644,1
0,2,0,2.94,0.038,0,1.18,0.141,0
0,2,0,12.04,0.014,0,0.64,0.31,0
7,2,2,82.88,0.317,1,5.48,0.735,1
8,4,0,488.76,0.59,1,2.04,0.672,1
0,0,0,8.24,0.031,0,0.42,0.145,0
10,3,2,148.67,0.215,1,6.46,0.781,1
9,5,3,444.27,0.445,1,5.69,0.809,1
7,7,0,404.72,0.554,1,8.56,0.898,1
0,0,0,18.95,0.004,0,0.42,0.394,0
0,2,0,14.57,0.02,0,0.68,0.265,0
6,4,3,344.59,0.112,1,5.76,0.57,1
0,2,0,7.47,0.048,0,1.26,0.205,0
0,2,0,14.66,0.01,0,1.03,0.125,0
0,1,0,12.65,0.047,0,0.79,0.306,0
10,5,0,474.43,0.29,1,8.56,0.667,1
1,2,0,13.97,0.029,0,0.51,0.199,0
4,2,3,149.32,0.833,0,9.64,0.88,1
0,1,0,38.33,0.036,0,0.46,0.2,0
0,1,0,35.56,0.038,0,0.26,0.19,0
4,8,3,378.45,0.791,0,8.58,0.534,1
5,8,2,400.17,0.67,1,6.55,0.573,1
10,3,0,282.57,0.565,1,9.85,0.607,1
2,4,2,263.88,0.282,0,5.02,0.774,1
6,7,3,243.41,0.59,0,5.47,0.871,1
0,0,0,6.56,0.005,0,0.67,0.374,0
0,1,0,31.77,0.009,0,0.6,0.184,0
4,7,0,270.02,0.268,1,9.91,0.841,1
0,2,0,9.06,0.028,0,0.4,0.373,0
0,1,0,25.39,0.027,0,0.78,0.316,0
0,2,0,23.39,0.015,1,0.63,0.393,0
0,1,0,9.83,0.002,0,1.29,0.293,0
1,8,1,118.38,0.393,1,3.21,0.589,1
5,6,1,481.37,0.24,1,9.42,0.799,1
3,5,1,338.68,0.143,1,8.23,0.571,1
10,7,0,377.7,0.836,0,2.44,0.621,1
1,2,3,138.83,0.549,0,7.62,0.646,1
0,2,0,31.87,0.026,0,0.62,0.207,0
0,1,0,33.67,0.037,0,0.13,0.11,0
6,2,1,414.06,0.808,0,9.75,0.953,1
0,0,0,10.37,0.045,0,1.2,0.381,0
8,3,2,484.65,0.825,1,6.61,0.941,1
0,2,0,36.44,0.01,0,0.68,0.149,0
0,1,0,7.49,0.002,0,0.74,0.234,0
7,4,1,314.78,0.286,0,7.19,0.524,1
0,2,0,24.64,0.046,0,1.26,0.329,0
10,2,1,147.92,0.886,1,5.65,0.878,1
1,0,0,10.0,0.045,0,0.39,0.223,0
10,4,1,424.11,0.824,0,4.92,0.889,1
8,2,3,242.54,0.198,1,6.09,0.934,1
0,0,0,32.9,0.037,0,1.09,0.287,0
0,1,0,5.36,0.009,0,0.77,0.357,0
1,1,0,36.85,0.016,0,1.23,0.272,0
0,2,0,13.85,0.038,0,0.35,0.177,0
1,1,0,1.96,0.049,0,0.6,0.394,0
1,0,0,17.6,0.009,0,1.18,0.151,0
10,8,3,112.53,0.436,1,2.0,0.804,1
8,4,1,64.04,0.348,1,8.93,0.734,1
0,1,0,34.77,0.025,0,0.84,0.332,0
7,6,0,320.03,0.862,1,2.85,0.766,1
0,0,0,14.05,0.006,0,0.72,0.118,0
0,2,0,21.17,0.028,0,0.52,0.34,0
2,4,2,401.22,0.585,1,3.23,0.817,1
8,3,0,114.12,0.404,0,2.42,0.5,1
7,4,0,419.91,0.13,0,6.4,0.942,1
0,2,0,11.97,0.041,0,1.4,0.299,0
6,5,3,352.74,0.71,1,4.07,0.592,1
0,2,0,17.99,0.009,0,0.73,0.384,0
1,4,3,459.16,0.701,0,3.2,0.528,1
2,5,0,224.2,0.315,1,7.39,0.667,1
1,1,0,31.92,0.013,0,0.73,0.195,0
8,6,2,422.03,0.254,1,2.39,0.981,1
3,6,0,91.26,0.573,0,8.51,0.799,1
1,6,2,296.4,0.167,1,7.42,0.94,1
1,6,2,315.76,0.193,1,9.76,0.562,1
0,2,0,11.91,0.004,0,1.35,0.252,0
3,3,1,415.4,0.737,0,6.98,0.769,1
9,6,0,387.19,0.678,1,6.68,0.729,1
1,1,0,10.59,0.005,0,0.55,0.255,0
7,4,3,351.35,0.411,1,2.29,0.766,1
0,1,0,5.11,0.002,0,0.24,0.203,0
9,6,0,98.73,0.535,1,9.51,0.792,1
0,2,0,4.06,0.012,0,0.97,0.158,0
0,0,0,33.71,0.028,0,0.14,0.315,0
1,6,0,359.68,0.271,0,9.74,0.839,1
0,2,0,4.47,0.003,0,1.22,0.348,0
0,1,0,18.51,0.039,0,0.94,0.169,0
1,4,3,434.63,0.694,1,5.19,0.733,1
9,4,2,342.74,0.261,0,6.77,0.674,1
10,6,3,392.93,0.446,0,8.23,0.957,1
0,2,0,31.88,0.027,0,0.87,0.223,0
0,2,0,22.18,0.031,0,0.67,0.266,0
0,1,0,14.48,0.044,0,1.1,0.148,0
0,0,0,31.4,0.039,0,0.68,0.162,0
1,2,0,2.68,0.0,0,0.76,0.163,0
1,2,0,26.25,0.032,1,0.17,0.125,0
0,2,0,25.33,0.025,0,0.21,0.247,0
0,1,0,5.91,0.019,0,0.41,0.284,0
0,0,0,9.26,0.043,0,0.4,0.277,0
0,0,0,32.95,0.047,0,0.18,0.226,0
6,4,0,295.18,0.158,1,7.18,0.716,1
0,1,0,18.99,0.011,0,0.24,0.395,0
10,4,0,312.89,0.576,1,3.34,0.541,1
0,1,0,18.48,0.029,0,0.4,0.132,0
5,6,3,84.2,0.645,1,4.75,0.544,1
0,0,0,35.07,0.009,0,0.59,0.319,0
0,2,0,34.47,0.041,0,1.39,0.286,0
0,0,0,4.73,0.041,0,0.13,0.173,0
3,7,1,484.76,0.592,1,3.14,0.955,1
10,2,2,127.05,0.23,0,7.7,0.899,1
0,0,0,35.5,0.01,0,0.48,0.251,0
0,1,0,9.43,0.039,1,0.11,0.327,0
5,3,0,419.18,0.34,1,3.19,0.895,1
6,3,2,173.53,0.88,1,3.35,0.568,1
8,3,2,295.85,0.665,1,9.29,0.633,1
0,1,0,6.63,0.033,0,0.99,0.221,0
5,5,3,416.27,0.189,1,5.34,0.791,1
2,3,2,476.71,0.312,0,7.71,0.727,1
0,1,0,37.36,0.017,0,1.14,0.153,0
0,0,0,12.96,0.001,0,0.59,0.193,0
1,1,0,11.99,0.041,0,0.95,0.1,0
6,7,3,174.92,0.278,0,7.25,0.925,1
0,2,0,25.58,0.024,0,0.88,0.304,0
0,0,0,38.61,0.01,1,0.57,0.31,0
2,3,1,119.67,0.216,0,8.82,0.626,1
0,2,0,23.01,0.038,0,0.82,0.318,0
1,0,0,9.45,0.009,0,0.69,0.105,0
4,2,1,60.97,0.573,1,3.26,0.901,1
9,4,0,114.45,0.531,1,7.59,0.692,1
8,6,1,214.76,0.401,1,7.76,0.739,1
7,7,0,394.36,0.483,1,9.44,0.536,1
0,2,0,4.34,0.01,0,0.84,0.382,0
10,3,1,211.42,0.846,1,6.88,0.596,1
9,4,2,124.73,0.877,1,4.1,0.763,1
0,1,0,36.25,0.006,0,0.64,0.316,0
2,8,3,312.47,0.212,1,9.64,0.616,1
0,1,0,37.01,0.038,0,1.01,0.139,0
2,5,1,376.84,0.785,0,5.81,0.504,1
0,1,0,1.31,0.013,0,0.17,0.38,0
7,2,1,165.98,0.809,1,9.33,0.564,1
0,2,0,31.97,0.011,0,0.56,0.121,0
9,6,2,422.47,0.551,1,9.63,0.91,1
1,5,1,405.7,0.241,0,3.21,0.723,1
0,1,0,13.41,0.001,0,0.78,0.379,0
5,3,3,439.78,0.156,1,5.06,0.782,1
0,2,0,20.65,0.002,0,0.58,0.375,0
0,0,0,26.6,0.048,0,1.32,0.189,0
0,0,0,31.83,0.033,0,1.42,0.317,0
0,1,0,6.47,0.001,0,0.32,0.326,0
0,1,0,21.84,0.001,0,0.79,0.231,0
2,8,3,138.81,0.296,0,3.23,0.976,1
10,3,3,335.09,0.328,0,4.0,0.558,1
0,1,0,10.2,0.02,1,0.12,0.248,0
0,0,0,15.09,0.021,0,0.85,0.34,0
4,6,0,150.05,0.484,1,7.64,0.563,1
0,1,0,17.72,0.003,0,1.28,0.237,0
0,2,0,31.83,0.034,0,1.18,0.304,0
0,0,0,30.44,0.007,0,0.42,0.122,0
0,1,0,1.52,0.026,0,0.46,0.146,0
1,8,2,445.51,0.329,0,2.61,0.517,1
0,0,0,37.24,0.013,0,0.65,0.327,0
2,7,3,226.74,0.724,0,5.68,0.612,1
0,0,0,34.83,0.021,0,1.24,0.165,0
8,8,1,209.8,0.252,1,3.69,0.965,1
0,2,0,25.21,0.046,0,0.17,0.343,0
5,7,3,187.28,0.709,1,4.37,0.666,1
1,6,1,98.57,0.749,1,7.16,0.973,1
6,5,0,151.31,0.645,0,4.31,0.608,1
0,0,0,25.5,0.033,0,0.64,0.17,0
0,0,0,20.73,0.005,1,0.13,0.396,0
2,3,1,51.65,0.628,1,9.07,0.799,1
9,4,3,319.23,0.827,1,7.89,0.881,1
8,3,3,256.97,0.513,1,2.94,0.675,1
4,2,0,156.34,0.292,0,7.9,0.641,1
0,0,0,2.86,0.028,0,1.42,0.106,0
5,2,2,155.69,0.872,1,5.31,0.524,1
3,3,1,392.49,0.593,0,2.23,0.76,1
10,6,0,69.76,0.192,1,5.47,0.813,1
8,7,1,131.92,0.495,0,9.02,0.735,1
6,2,1,275.37,0.885,1,2.27,0.819,1
0,1,0,29.53,0.027,0,0.57,0.27,0
4,3,3,405.84,0.811,0,3.98,0.542,1
4,8,1,404.08,0.28,0,4.64,0.54,1
0,1,0,33.61,0.043,0,1.0,0.295,0
0,0,0,36.14,0.049,0,1.31,0.324,0
7,6,0,497.47,0.751,0,5.84,0.717,1
0,0,0,30.19,0.004,0,0.99,0.162,0
8,6,2,102.84,0.865,0,8.03,0.776,1
0,2,0,22.73,0.021,0,0.59,0.237,0
0,0,0,38.25,0.018,0,1.2,0.261,0
6,2,3,459.16,0.425,0,3.28,0.636,1
0,1,0,20.8,0.016,0,1.11,0.205,0
0,2,0,35.52,0.018,0,0.81,0.345,0
0,2,0,19.28,0.046,0,1.36,0.141,0
0,2,0,33.21,0.018,0,1.14,0.232,0
8,4,0,126.03,0.151,1,2.51,0.561,1
0,0,0,3.34,0.046,0,0.64,0.292,0
0,0,0,25.28,0.031,1,0.4,0.169,0
2,8,2,455.75,0.459,0,3.7,0.638,1
0,2,0,28.83,0.037,0,1.31,0.113,0
0,1,0,10.84,0.026,0,1.15,0.126,0
0,2,0,30.48,0.039,0,0.53,0.333,0
0,2,0,1.33,0.001,0,1.28,0.287,0
0,0,0,5.13,0.041,0,0.42,0.274,0
0,2,0,32.5,0.031,0,0.85,0.138,0
0,1,0,35.25,0.033,0,0.68,0.376,0
0,0,0,31.87,0.037,0,0.28,0.337,0
6,4,1,164.14,0.231,1,4.36,0.747,1
1,4,1,390.23,0.196,0,6.66,0.701,1
0,0,0,34.19,0.033,0,1.49,0.131,0
1,4,1,99.62,0.36,1,6.33,0.527,1
8,5,0,315.91,0.276,1,7.06,0.955,1
0,1,0,13.93,0.041,0,0.32,0.256,0
5,6,1,244.98,0.763,1,8.46,0.909,1
3,2,2,56.47,0.262,1,2.19,0.803,1
10,3,1,226.45,0.749,1,8.65,0.698,1
0,1,0,35.66,0.026,0,0.87,0.395,0
9,6,0,258.93,0.232,0,2.11,0.528,1
9,5,0,164.87,0.658,0,3.34,0.713,1
0,0,0,11.49,0.01,0,0.92,0.207,0
9,4,0,204.95,0.493,1,6.2,0.775,1
1,1,0,10.31,0.005,0,0.25,0.193,0
0,2,0,25.1,0.012,0,0.19,0.204,0
3,8,1,439.28,0.385,0,6.37,0.562,1
0,2,0,4.39,0.032,0,0.89,0.172,0
8,4,3,118.77,0.566,0,3.46,0.861,1
0,1,0,5.19,0.017,0,0.71,0.375,0
0,0,0,14.95,0.034,0,1.15,0.215,0
7,5,2,91.67,0.138,1,9.39,0.652,1
0,0,0,21.5,0.017,0,1.16,0.392,0
0,2,0,9.55,0.05,0,1.12,0.278,0
9,4,2,367.52,0.685,1,5.33,0.535,1
0,2,0,23.66,0.034,0,0.26,0.304,0
8,7,3,317.95,0.78,0,8.51,0.563,1
0,1,0,19.88,0.032,0,0.4,0.149,0
9,7,3,142.08,0.87,1,4.87,0.906,1
7,5,0,114.49,0.758,1,6.75,0.559,1
0,2,0,7.82,0.004,0,1.31,0.127,0
0,1,0,17.28,0.009,0,1.13,0.306,0
5,2,1,371.08,0.834,0,9.29,0.901,1
0,0,0,19.08,0.018,0,0.92,0.265,0
0,2,0,5.31,0.0,0,1.37,0.139,0
6,8,3,472.14,0.654,1,9.55,0.506,1
3,6,2,406.8,0.569,0,8.84,0.858,1
2,5,1,459.42,0.875,1,9.69,0.855,1
5,8,2,167.17,0.425,0,4.23,0.667,1
5,4,0,163.72,0.206,0,4.62,0.521,1
0,1,0,34.49,0.006,0,1.42,0.155,0
0,2,0,33.14,0.004,0,0.57,0.275,0
0,0,0,4.43,0.039,0,1.17,0.177,0
8,8,1,218.63,0.853,1,8.45,0.823,1
10,3,3,185.72,0.554,1,5.97,0.992,1
8,4,3,107.11,0.528,1,5.48,0.904,1
0,1,0,36.48,0.02,0,0.16,0.19,0
8,4,0,129.74,0.15,1,5.05,0.802,1
0,2,0,12.5,0.038,0,0.76,0.258,0
5,5,1,51.42,0.541,1,6.65,0.604,1
3,8,0,201.96,0.855,1,7.11,0.708,1
0,1,0,5.6,0.018,0,0.73,0.108,0
0,1,0,32.86,0.003,0,1.33,0.245,0
5,8,0,252.13,0.32,0,7.04,0.968,1
5,7,0,451.17,0.898,0,4.46,0.829,1
8,4,2,496.15,0.377,1,3.88,0.923,1
0,1,0,25.87,0.042,0,0.95,0.196,0
8,7,3,102.34,0.552,1,7.91,0.505,1
1,2,1,266.23,0.35,1,4.02,0.692,1
1,7,2,191.75,0.412,1,4.62,0.881,1
5,7,2,496.15,0.449,0,2.43,0.998,1
0,0,0,27.25,0.025,0,1.13,0.327,0
0,1,0,32.11,0.038,0,0.34,0.146,0
0,0,0,9.47,0.009,0,1.43,0.33,0
0,1,0,25.06,0.023,0,1.43,0.134,0
0,2,0,5.26,0.027,0,0.61,0.203,0
0,2,0,31.81,0.023,0,0.58,0.357,0
8,8,1,152.57,0.816,0,9.13,0.963,1
8,7,3,495.24,0.84,1,5.7,0.77,1
1,2,0,36.83,0.038,0,0.14,0.16,0
0,2,0,25.96,0.017,0,0.27,0.309,0
9,5,1,235.73,0.529,1,5.58,0.992,1
0,2,0,4.95,0.02,0,1.17,0.292,0
0,2,0,35.05,0.031,0,0.33,0.315,0
8,4,2,71.24,0.674,1,7.25,0.669,1
1,7,1,161.48,0.36,1,9.73,0.5,1
0,0,0,34.09,0.032,0,1.32,0.356,0
4,4,0,59.19,0.469,0,2.79,0.532,1
0,0,0,2.0,0.018,0,1.41,0.313,0
4,5,2,272.17,0.821,1,3.06,0.883,1
8,8,0,455.38,0.177,0,7.39,0.916,1
6,4,3,223.41,0.676,0,7.27,0.967,1
6,6,2,371.1,0.508,1,4.34,0.528,1
0,2,0,6.82,0.019,0,0.32,0.127,0
3,6,3,466.02,0.252,1,7.09,0.876,1
0,1,0,28.11,0.006,0,0.61,0.305,0
10,7,2,87.96,0.786,0,9.43,0.6,1
4,5,1,62.68,0.573,1,9.39,0.532,1
0,2,0,33.54,0.041,0,0.23,0.303,0
4,3,2,136.75,0.421,1,3.83,0.954,1
0,0,0,16.47,0.016,1,1.43,0.292,0
0,1,0,9.36,0.04,1,0.18,0.312,0
9,5,2,199.53,0.411,1,9.09,0.509,1
0,1,0,35.16,0.019,0,1.0,0.353,0
7,8,3,486.33,0.814,1,8.41,0.938,1
0,0,0,25.23,0.016,0,1.2,0.226,0
8,4,0,319.21,0.758,0,9.82,0.691,1
7,4,2,446.86,0.456,0,5.02,0.524,1
6,6,2,342.68,0.43,0,2.26,0.8,1
3,6,3,409.46,0.771,0,8.23,0.98,1
0,0,0,8.83,0.035,0,0.97,0.366,0
0,1,0,30.03,0.021,0,0.95,0.129,0
8,5,3,58.46,0.779,1,4.64,0.558,1
0,0,0,22.38,0.027,0,0.13,0.23,0
0,0,0,34.08,0.035,0,0.95,0.113,0
0,2,0,36.43,0.038,0,0.39,0.197,0
0,1,0,29.9,0.014,0,0.19,0.353,0
5,2,2,64.13,0.121,1,6.27,0.77,1
0,2,0,12.3,0.024,1,1.39,0.22,0
0,2,0,7.27,0.021,0,1.42,0.182,0
0,2,0,28.32,0.017,0,0.82,0.184,0
2,4,0,253.71,0.428,1,2.25,0.79,1
2,8,0,274.65,0.458,1,9.58,0.605,1
9,5,1,105.96,0.418,0,2.68,0.781,1
0,1,0,39.37,0.028,0,0.67,0.14,0
2,3,2,159.61,0.854,0,2.87,0.939,1
0,0,0,27.81,0.028,0,0.23,0.115,0
7,2,0,375.78,0.171,1,5.46,0.586,1
6,6,0,84.75,0.628,1,8.34,0.868,1
5,4,3,72.52,0.592,1,7.78,0.669,1
1,0,0,12.13,0.042,1,0.38,0.394,0
0,1,0,7.29,0.021,0,1.46,0.227,0
10,8,1,445.02,0.692,0,5.98,0.574,1
10,5,2,258.1,0.856,0,6.47,0.989,1
0,0,0,1.96,0.032,1,0.34,0.358,0
0,2,0,14.43,0.002,0,1.02,0.191,0
7,2,3,387.84,0.451,0,9.5,0.756,1
1,3,3,374.63,0.69,1,8.44,0.645,1
0,1,0,14.8,0.007,0,0.93,0.174,0
10,8,0,166.24,0.422,1,3.76,0.856,1
8,3,3,171.27,0.115,1,8.77,0.634,1
0,1,0,3.16,0.012,1,1.43,0.311,0
3,2,2,173.69,0.722,0,4.35,0.943,1
0,0,0,1.88,0.029,0,1.33,0.264,0
1,0,0,33.26,0.013,1,1.15,0.321,0
3,7,0,471.18,0.825,1,7.75,0.727,1
0,1,0,3.18,0.018,0,0.2,0.12,0
0,2,0,24.5,0.032,0,0.58,0.276,0
2,6,0,390.52,0.539,1,2.15,0.874,1
0,0,0,1.43,0.043,1,0.41,0.386,0
0,1,0,13.74,0.02,0,1.35,0.154,0
4,2,3,445.72,0.175,1,7.48,0.684,1
0,0,0,29.57,0.024,0,1.42,0.265,0
0,0,0,5.7,0.047,0,0.18,0.11,0
3,7,3,276.05,0.643,1,2.27,0.62,1
3,8,1,459.41,0.299,0,8.13,0.734,1
0,2,0,7.24,0.008,0,1.23,0.296,0
3,8,2,132.26,0.324,1,2.96,0.838,1
0,2,0,22.31,0.011,0,0.5,0.123,0
4,3,3,315.7,0.499,1,4.4,0.766,1
0,1,0,23.68,0.028,0,1.21,0.332,0
3,6,3,113.65,0.829,1,5.46,0.655,1
6,6,1,445.57,0.502,1,7.47,0.869,1
0,1,0,32.63,0.034,1,1.41,0.111,0
2,8,1,282.45,0.442,0,4.36,0.7,1
5,2,3,133.96,0.156,1,8.8,0.755,1
9,7,3,391.02,0.159,1,4.38,0.66,1
0,1,0,21.95,0.005,0,1.05,0.391,0
2,2,1,496.88,0.588,1,8.53,0.715,1
1,3,1,346.39,0.596,1,5.08,0.819,1
0,0,0,12.05,0.042,0,0.88,0.359,0
5,2,3,334.66,0.567,0,9.18,0.908,1
4,8,2,71.13,0.58,0,6.67,0.788,1
5,8,0,471.02,0.832,0,3.19,0.806,1
7,3,1,461.18,0.636,1,8.1,0.82,1
7,8,2,118.07,0.523,0,4.3,0.866,1
10,4,3,142.82,0.852,1,6.8,0.655,1
3,2,1,73.06,0.448,1,2.71,0.503,1
0,1,0,20.01,0.034,0,1.25,0.178,0
6,8,3,261.2,0.669,1,5.58,0.73,1
0,1,0,28.65,0.041,0,0.63,0.369,0
10,6,2,117.37,0.637,0,3.16,0.966,1
0,2,0,34.79,0.03,0,0.17,0.31,0
0,0,0,26.57,0.05,0,0.62,0.188,0
3,8,0,453.62,0.11,0,8.02,0.976,1
5,7,1,491.97,0.826,0,5.73,0.866,1
0,2,0,26.45,0.026,0,0.51,0.173,0
1,7,3,100.74,0.677,1,5.52,0.707,1
0,1,0,23.45,0.033,0,1.38,0.254,0
4,7,0,421.83,0.197,1,3.12,0.943,1
2,3,1,109.11,0.475,0,6.41,1.0,1
5,7,3,139.67,0.713,1,2.7,0.546,1
1,5,0,131.45,0.82,1,8.6,0.843,1
8,5,2,448.18,0.584,1,9.54,0.924,1
0,1,0,22.96,0.008,0,0.97,0.253,0
9,2,0,325.53,0.155,0,3.3,0.815,1
0,0,0,15.23,0.031,0,1.22,0.107,0
2,7,3,322.6,0.457,0,5.39,0.648,1
8,6,1,405.35,0.295,1,2.9,0.718,1
0,2,0,9.14,0.041,0,0.23,0.305,0
1,0,0,19.39,0.024,0,1.14,0.262,0
0,0,0,25.35,0.033,0,1.28,0.287,0
1,5,1,443.08,0.17,0,9.56,0.691,1
7,8,0,377.53,0.425,0,8.5,0.641,1
0,1,0,4.54,0.034,0,0.95,0.393,0
0,2,0,22.51,0.028,0,1.02,0.286,0
1,1,0,13.44,0.033,0,0.73,0.113,0
10,4,0,326.71,0.389,1,6.0,0.972,1
0,0,0,12.48,0.035,1,0.87,0.282,0
9,3,3,445.75,0.697,0,2.73,0.85,1
0,0,0,9.44,0.001,0,0.26,0.169,0
0,0,0,15.45,0.022,1,0.12,0.134,0
10,3,0,405.58,0.746,0,7.23,0.988,1
0,1,0,18.59,0.008,0,0.71,0.123,0
9,2,3,391.85,0.45,1,5.65,0.839,1
0,1,0,13.75,0.04,0,1.44,0.275,0
0,2,0,35.76,0.045,1,0.12,0.2,0
9,2,2,244.8,0.73,1,3.45,0.845,1
0,0,0,26.39,0.025,0,1.27,0.237,0
0,1,0,4.19,0.015,0,1.04,0.106,0
0,1,0,27.08,0.047,0,0.95,0.282,0
0,1,0,2.29,0.044,0,0.41,0.133,0
8,4,3,203.93,0.776,0,3.97,0.882,1
0,1,0,38.72,0.009,0,1.0,0.346,0
5,3,1,305.96,0.545,1,9.36,0.758,1
0,0,0,6.1,0.048,0,0.92,0.102,0
0,0,0,19.97,0.005,0,0.33,0.234,0
2,2,0,270.98,0.601,0,2.87,0.753,1
8,4,1,436.59,0.514,0,7.2,0.91,1
0,1,0,18.85,0.03,0,0.77,0.394,0
7,8,1,60.05,0.874,1,3.99,0.548,1
0,1,0,10.38,0.014,0,0.84,0.383,0
0,1,0,12.16,0.016,1,0.72,0.12,0
0,2,0,27.24,0.005,0,0.21,0.198,0
2,6,1,119.85,0.896,1,9.15,0.839,1
0,1,0,14.71,0.039,0,0.87,0.104,0
5,6,1,455.31,0.703,1,9.26,0.519,1
0,2,0,24.58,0.015,1,0.78,0.19,0
9,6,1,286.2,0.689,1,9.61,0.884,1
0,2,0,39.86,0.024,0,1.12,0.164,0
0,2,0,9.84,0.025,0,0.38,0.177,0
10,4,0,93.84,0.796,1,6.91,0.989,1
0,0,0,22.25,0.044,0,1.01,0.181,0
6,2,1,135.18,0.712,1,4.11,0.822,1
9,8,3,417.94,0.251,0,8.03,0.611,1
0,2,0,9.21,0.021,0,1.34,0.171,0
2,7,0,293.46,0.869,1,4.16,0.64,1
10,8,0,354.41,0.671,0,7.16,0.685,1
7,6,0,83.88,0.871,1,4.56,0.662,1
0,0,0,29.48,0.031,0,0.38,0.268,0
0,2,0,32.11,0.012,0,0.96,0.338,0
0,2,0,26.55,0.005,0,0.35,0.21,0
0,0,0,28.93,0.041,0,0.17,0.311,0
0,2,0,24.61,0.004,0,0.66,0.246,0
3,5,0,125.05,0.563,0,3.25,0.985,1
0,2,0,35.62,0.029,0,1.03,0.345,0
0,1,0,28.5,0.04,1,0.32,0.301,0
0,0,0,34.66,0.008,0,0.22,0.109,0
1,0,0,20.06,0.008,0,1.22,0.17,0
0,2,0,27.33,0.035,0,1.38,0.235,0
0,2,0,17.87,0.014,0,1.35,0.113,0
0,1,0,8.09,0.013,0,0.62,0.323,0
3,5,1,438.19,0.453,1,8.3,0.958,1
2,6,3,281.11,0.382,1,6.19,0.87,1
3,4,0,64.77,0.71,1,8.94,0.588,1
6,3,1,169.78,0.122,0,5.5,0.591,1
0,2,0,12.82,0.019,0,0.86,0.265,0
0,0,0,31.33,0.038,0,0.45,0.384,0
0,0,0,34.87,0.024,0,1.39,0.121,0
0,0,0,35.31,0.044,0,0.66,0.119,0
0,0,0,8.11,0.046,0,1.06,0.216,0
0,2,0,15.32,0.02,0,0.35,0.229,0
0,0,0,18.41,0.037,0,0.37,0.264,0
0,1,0,21.63,0.026,0,1.29,0.17,0
4,6,0,376.14,0.319,0,8.95,0.8,1
0,2,0,22.21,0.043,1,0.61,0.206,0
0,1,0,26.25,0.025,0,1.27,0.353,0
0,2,0,27.68,0.037,0,1.16,0.203,0
0,1,0,35.65,0.048,0,0.62,0.368,0
4,2,2,103.5,0.784,1,8.39,0.801,1
0,0,0,9.24,0.016,0,0.31,0.391,0
0,1,0,13.57,0.002,0,0.51,0.377,0
8,5,0,158.41,0.463,0,9.09,0.719,1
0,2,0,1.17,0.046,1,0.45,0.355,0
4,7,3,442.18,0.475,0,3.3,0.624,1
0,1,0,16.09,0.027,0,0.61,0.184,0
3,4,3,475.5,0.662,1,8.32,0.847,1
0,1,0,11.32,0.037,0,0.61,0.271,0
4,6,2,217.65,0.26,0,6.18,0.932,1
3,3,1,405.15,0.502,1,6.28,0.894,1
5,4,0,108.95,0.166,1,6.5,0.719,1
8,2,3,96.99,0.175,1,3.51,0.959,1
1,7,2,408.89,0.253,1,5.89,0.958,1
0,1,0,34.65,0.041,0,1.06,0.35,0
9,3,2,77.56,0.861,1,4.34,0.971,1
7,5,2,124.98,0.347,1,6.84,0.632,1
0,1,0,31.22,0.007,0,1.37,0.338,0
6,2,2,319.27,0.254,0,6.49,0.535,1
5,4,2,274.01,0.878,0,9.11,0.594,1
0,1,0,4.34,0.001,0,0.44,0.215,0
10,3,0,63.3,0.542,0,2.71,0.574,1
4,7,1,322.61,0.703,0,2.67,0.645,1
9,7,1,350.15,0.767,1,8.41,0.824,1
4,4,3,243.61,0.516,1,8.0,0.535,1
0,0,0,30.67,0.025,0,1.49,0.217,0
8,7,3,52.5,0.194,1,2.4,0.848,1
6,5,0,85.17,0.881,1,4.71,0.633,1
0,0,0,2.33,0.006,0,0.37,0.134,0
3,2,2,256.3,0.839,0,7.93,0.543,1
1,8,0,437.83,0.515,0,4.96,0.632,1
0,0,0,24.64,0.019,0,0.55,0.34,0
10,5,0,385.0,0.448,1,8.34,0.958,1
0,1,0,3.71,0.018,0,0.58,0.225,0
1,4,2,69.77,0.882,0,7.07,0.912,1
2,5,2,315.73,0.404,0,5.88,0.668,1
0,2,0,11.2,0.042,0,0.55,0.155,0
6,7,1,193.43,0.591,0,4.37,0.782,1
0,1,0,14.63,0.041,0,1.19,0.378,0
9,7,0,421.53,0.169,1,6.84,0.671,1
2,5,1,412.96,0.619,1,8.36,0.597,1
0,0,0,13.96,0.015,0,0.34,0.353,0
0,2,0,17.63,0.005,0,0.45,0.253,0
0,2,0,27.24,0.003,0,0.79,0.381,0
0,2,0,24.83,0.008,0,0.57,0.284,0
0,1,0,22.93,0.002,0,0.22,0.38,0
0,1,0,27.34,0.045,0,0.97,0.397,0
0,2,0,19.71,0.03,0,1.44,0.396,0
7,8,3,374.67,0.734,0,6.05,0.72,1
0,0,0,13.89,0.05,0,1.31,0.136,0
0,1,0,30.39,0.004,0,0.15,0.25,0
9,4,0,361.21,0.749,1,3.5,0.972,1
7,7,3,446.06,0.128,1,8.66,0.542,1
6,6,0,139.01,0.446,1,3.66,0.886,1
5,2,1,167.82,0.32,0,6.93,0.892,1
0,0,0,33.48,0.008,0,1.16,0.271,0
0,1,0,39.89,0.02,0,0.91,0.198,0
0,0,0,5.46,0.026,0,1.44,0.149,0
0,1,0,37.14,0.032,0,0.33,0.149,0
9,2,0,385.91,0.141,0,6.84,0.88,1
0,0,0,37.85,0.017,1,0.69,0.385,0
0,2,0,22.51,0.044,0,1.28,0.286,0
0,2,0,27.98,0.033,0,1.13,0.39,0
7,5,0,275.87,0.715,1,5.92,0.991,1
4,6,0,384.84,0.382,1,9.53,0.683,1
0,1,0,18.68,0.029,0,0.25,0.127,0
3,4,0,233.82,0.444,1,9.16,0.802,1
0,2,0,3.16,0.008,0,0.95,0.166,0
0,2,0,20.98,0.02,0,0.19,0.242,0
10,8,0,111.84,0.209,1,8.75,0.53,1
0,1,0,22.15,0.001,0,1.28,0.265,0
4,7,0,416.25,0.494,1,4.25,0.984,1
0,1,0,37.65,0.018,0,0.4,0.131,0
0,2,0,37.1,0.014,0,0.68,0.132,0
4,8,1,412.59,0.25,0,2.59,0.782,1
0,1,0,38.12,0.005,0,1.39,0.205,0
2,2,0,254.5,0.576,1,2.01,0.89,1
0,2,0,9.59,0.01,0,1.2,0.121,0
7,3,0,408.86,0.661,0,3.25,0.856,1
0,2,0,2.45,0.007,0,0.29,0.23,0
6,7,0,84.86,0.208,0,7.78,0.51,1
0,0,0,6.22,0.017,0,0.64,0.278,0
0,0,0,12.69,0.032,0,1.23,0.19,0
0,1,0,5.08,0.001,0,1.18,0.341,0
0,2,0,24.89,0.043,0,1.15,0.204,0
9,3,1,268.95,0.423,1,8.72,0.898,1
0,1,0,34.09,0.027,0,0.83,0.211,0
0,0,0,13.29,0.027,0,0.99,0.204,0
3,3,2,85.39,0.13,1,2.86,0.567,1
6,6,2,465.23,0.419,0,8.6,0.848,1
6,4,1,116.38,0.301,1,7.22,0.844,1
0,1,0,24.59,0.044,0,0.96,0.376,0
0,1,0,12.95,0.002,0,0.33,0.214,0
0,0,0,2.58,0.026,0,0.8,0.146,0
9,7,0,468.69,0.806,0,6.4,0.993,1
9,6,3,75.34,0.2,1,2.37,0.991,1
6,8,3,347.85,0.569,1,5.09,0.606,1
2,5,1,143.9,0.618,0,3.09,0.927,1
10,3,3,268.61,0.406,1,9.66,0.996,1
0,2,0,33.95,0.008,0,1.2,0.224,0
0,0,0,2.72,0.028,0,0.51,0.246,0
5,3,2,486.22,0.482,1,9.41,0.645,1
8,7,1,166.11,0.51,1,3.69,0.519,1
0,1,0,25.08,0.023,0,1.04,0.131,0
8,3,1,171.11,0.492,0,5.15,0.683,1
0,2,0,8.11,0.032,1,0.27,0.26,0
0,0,0,9.43,0.039,1,0.44,0.143,0
0,2,0,19.67,0.03,0,0.76,0.119,0
9,5,0,88.58,0.365,0,4.73,0.597,1
0,1,0,37.1,0.012,0,0.94,0.374,0
8,2,2,440.67,0.301,0,2.74,0.751,1
10,2,2,492.42,0.535,0,4.71,0.752,1
8,3,3,387.84,0.755,1,2.88,0.515,1
0,1,0,6.82,0.044,0,0.56,0.367,0
0,0,0,26.06,0.03,0,0.75,0.299,0
3,5,2,348.42,0.617,1,6.03,0.988,1
2,8,1,216.04,0.241,0,6.49,0.682,1
10,4,1,123.75,0.212,1,3.23,0.785,1
0,1,0,15.16,0.001,0,0.76,0.348,0
0,2,0,39.06,0.037,0,1.34,0.232,0
0,1,0,6.75,0.046,0,0.9,0.397,0
1,1,0,9.46,0.038,1,0.16,0.384,0
9,6,1,175.89,0.645,0,7.75,0.513,1
0,0,0,37.51,0.005,0,0.14,0.343,0
6,3,1,66.73,0.268,1,5.17,0.896,1
0,0,0,15.39,0.044,1,0.65,0.303,0
7,6,1,229.94,0.527,1,9.4,0.94,1
0,0,0,29.27,0.017,0,1.03,0.178,0
5,6,2,120.16,0.665,1,5.84,0.501,1
7,8,1,95.49,0.687,0,6.95,0.652,1
2,7,0,272.84,0.859,0,5.24,0.523,1
0,0,0,25.57,0.0,0,0.59,0.248,0
6,7,2,197.31,0.773,1,2.34,0.662,1
8,4,1,76.83,0.242,0,6.42,0.655,1
0,2,0,10.78,0.024,0,1.25,0.176,0
0,2,0,25.68,0.01,0,1.28,0.176,0
5,5,2,456.34,0.786,1,6.16,0.956,1
0,2,0,20.31,0.002,1,1.38,0.127,0
0,2,0,6.72,0.048,1,0.21,0.164,0
9,2,0,207.64,0.736,0,6.56,0.994,1
1,8,0,388.74,0.242,0,2.07,0.828,1
7,2,2,128.96,0.3,1,7.05,0.981,1
0,0,0,8.27,0.004,0,0.9,0.381,0
1,8,1,392.15,0.156,1,5.88,0.873,1
0,2,0,6.89,0.032,0,1.35,0.239,0
1,5,0,359.57,0.691,0,6.37,0.993,1
7,6,1,411.63,0.605,1,6.27,0.872,1
7,8,3,345.25,0.703,0,6.34,0.858,1
0,1,0,39.95,0.037,0,0.51,0.163,0
0,2,0,35.3,0.007,0,1.36,0.169,0
0,1,0,5.4,0.001,0,0.4,0.278,0
0,0,0,25.62,0.005,0,1.4,0.182,0
8,4,2,468.87,0.133,1,5.21,0.74,1
0,1,0,34.07,0.029,1,0.39,0.153,0
0,1,0,11.2,0.048,0,0.49,0.4,0
0,2,0,21.09,0.022,0,0.7,0.243,0
2,4,2,414.16,0.466,1,8.5,0.882,1
1,7,2,473.6,0.6,1,9.73,0.635,1
0,2,0,4.12,0.031,0,1.27,0.231,0
0,1,0,15.3,0.006,1,0.58,0.315,0
9,2,3,293.41,0.457,0,8.13,0.679,1
8,6,2,361.99,0.769,1,3.74,0.943,1
5,4,2,196.63,0.732,1,4.45,0.827,1
1,1,0,3.33,0.005,1,0.8,0.376,0
0,0,0,28.88,0.05,0,1.09,0.235,0
4,2,3,374.27,0.132,1,3.58,0.991,1
0,2,0,9.96,0.048,0,0.32,0.391,0
6,5,0,56.56,0.278,1,7.38,0.781,1
0,1,0,2.38,0.014,1,0.85,0.244,0
9,8,1,124.8,0.621,1,6.38,0.596,1
0,2,0,10.34,0.029,0,0.81,0.27,0
10,4,1,112.98,0.167,1,2.13,0.553,1
3,7,2,108.69,0.513,1,4.09,0.694,1
7,8,3,301.71,0.781,0,3.2,0.737,1
3,2,2,212.35,0.573,1,2.63,0.945,1
10,7,1,459.86,0.3,0,7.22,0.717,1
10,4,3,238.75,0.697,1,8.79,0.966,1
0,2,0,14.44,0.025,0,0.74,0.344,0
2,4,2,211.68,0.618,1,7.45,0.509,1
0,0,0,26.0,0.008,0,1.35,0.164,0
9,3,3,309.43,0.172,1,8.85,0.795,1
1,1,0,20.75,0.005,0,1.07,0.346,0
0,0,0,34.48,0.019,0,0.27,0.112,0
0,2,0,16.89,0.045,0,0.62,0.331,0
2,2,0,418.61,0.848,1,7.39,0.536,1
5,2,0,218.69,0.819,0,4.71,0.972,1
2,2,1,242.57,0.28,1,5.16,0.597,1
1,4,2,426.99,0.571,1,8.43,0.607,1
3,3,2,240.57,0.441,1,3.87,0.531,1
9,3,0,185.4,0.496,0,7.55,0.501,1
0,2,0,8.05,0.018,0,0.61,0.201,0
0,0,0,28.31,0.035,0,0.17,0.272,0
1,4,3,101.52,0.642,0,7.93,0.763,1
0,2,0,15.82,0.011,0,0.83,0.193,0
7,6,0,232.41,0.616,1,6.37,0.643,1
0,2,0,20.95,0.034,0,1.28,0.347,0
7,2,0,224.51,0.389,1,8.3,0.911,1
0,1,0,15.55,0.035,0,0.9,0.297,0
4,6,0,337.25,0.841,1,7.5,0.813,1
2,6,1,441.95,0.625,1,4.63,0.832,1
0,1,0,13.98,0.001,0,0.69,0.311,0
0,1,0,34.31,0.049,0,1.21,0.119,0
0,2,0,37.56,0.029,0,0.58,0.206,0
9,2,2,334.53,0.684,1,4.17,0.97,1
0,2,0,6.6,0.004,1,0.56,0.172,0
0,0,0,17.27,0.04,0,0.98,0.352,0
0,2,0,31.21,0.008,0,0.46,0.386,0
0,1,0,15.56,0.02,0,0.35,0.115,0
0,2,0,30.05,0.016,0,0.65,0.167,0
4,2,1,252.56,0.182,1,4.52,0.636,1
0,0,0,14.03,0.024,0,0.39,0.132,0
5,8,3,150.67,0.24,1,9.13,0.585,1
10,4,1,109.23,0.12,0,4.15,0.512,1
0,1,0,9.75,0.034,0,0.62,0.282,0
0,0,0,8.86,0.018,0,1.07,0.198,0
0,0,0,3.67,0.0,0,0.81,0.339,0
9,6,0,249.65,0.356,0,4.42,0.52,1
0,0,0,36.2,0.002,0,0.32,0.219,0
5,5,2,419.88,0.702,1,5.01,0.523,1
4,5,1,163.53,0.249,1,6.83,0.727,1
0,2,0,22.29,0.047,0,1.13,0.211,0
5,8,1,155.09,0.45,1,4.93,0.766,1
3,4,2,472.08,0.336,1,3.2,0.802,1
0,0,0,38.46,0.005,1,0.6,0.113,0
6,4,1,120.68,0.595,1,9.8,0.74,1
0,1,0,31.47,0.006,0,1.41,0.371,0
2,6,0,412.11,0.464,1,5.39,0.704,1
0,1,0,20.09,0.027,0,1.15,0.222,0
0,0,0,35.06,0.039,0,1.16,0.389,0
0,2,0,3.53,0.007,1,1.16,0.367,0
3,4,3,197.09,0.712,1,2.34,0.956,1
1,8,1,305.32,0.503,1,3.92,0.863,1
3,7,1,422.44,0.764,1,9.44,0.821,1
6,4,3,357.17,0.769,0,7.41,0.801,1
0,1,0,7.68,0.028,1,1.44,0.267,0
0,2,0,37.3,0.009,0,0.46,0.233,0
1,1,0,28.11,0.027,1,0.41,0.316,0
3,3,0,164.92,0.316,1,4.66,0.716,1
0,1,0,16.05,0.033,0,0.42,0.153,0
6,6,1,345.74,0.699,1,4.65,0.541,1
9,7,3,253.01,0.105,1,6.69,0.851,1
0,0,0,20.69,0.008,0,0.76,0.313,0
3,5,2,172.46,0.202,0,6.64,0.94,1
1,8,2,328.23,0.123,1,5.64,0.583,1
0,2,0,31.47,0.045,0,0.28,0.394,0
0,1,0,13.77,0.033,0,1.48,0.276,0
0,0,0,13.38,0.042,0,1.44,0.32,0
3,4,2,175.67,0.482,1,3.95,0.537,1
0,2,0,7.44,0.037,0,1.1,0.212,0
0,0,0,12.87,0.026,0,0.34,0.22,0
0,0,0,37.96,0.03,0,0.29,0.149,0
8,4,2,409.92,0.876,1,6.62,0.719,1
6,2,0,402.36,0.855,0,4.44,0.535,1
9,8,3,91.48,0.701,1,5.14,0.818,1
0,1,0,4.46,0.006,0,1.17,0.377,0
4,5,0,380.06,0.538,0,7.95,0.536,1
0,1,0,7.68,0.041,0,0.52,0.295,0
1,1,0,8.14,0.03,0,0.45,0.22,0
0,0,0,5.56,0.026,0,0.17,0.187,0
0,2,0,25.84,0.002,0,0.16,0.149,0
2,8,2,318.22,0.757,1,8.0,0.945,1
0,0,0,7.38,0.02,1,1.31,0.317,0
3,3,1,56.76,0.666,1,9.64,0.856,1
6,2,3,194.74,0.862,1,9.02,0.55,1
1,7,2,195.36,0.427,0,8.22,0.846,1
0,2,0,7.32,0.045,1,0.85,0.262,0
1,6,1,116.19,0.466,0,2.06,0.992,1
6,3,2,218.96,0.855,1,9.43,0.585,1
4,7,1,50.19,0.466,1,2.35,0.866,1
3,4,1,88.86,0.732,0,9.48,0.541,1
4,5,2,427.75,0.485,1,7.92,0.668,1
7,4,3,173.31,0.192,1,2.44,0.793,1
9,2,1,368.89,0.483,1,2.41,0.7,1
6,4,3,74.95,0.464,0,4.69,0.645,1
4,3,1,388.9,0.882,1,6.58,0.911,1
8,6,2,317.44,0.519,0,5.1,0.674,1
9,6,3,273.66,0.546,1,8.44,0.744,1
2,6,1,77.99,0.867,0,6.46,0.507,1
0,1,0,18.1,0.016,0,1.32,0.257,0
0,2,0,34.03,0.002,0,0.81,0.122,0
0,1,0,2.0,0.036,0,1.12,0.253,0
0,1,0,36.74,0.008,0,0.39,0.108,0
0,0,0,6.22,0.029,0,1.07,0.379,0
1,0,0,7.23,0.003,0,0.1,0.325,0
9,6,0,407.77,0.71,1,8.05,0.782,1
1,0,0,10.9,0.039,0,1.41,0.143,0
0,2,0,31.74,0.011,0,1.14,0.348,0
0,2,0,21.32,0.013,0,0.34,0.14,0
0,0,0,18.22,0.048,0,0.17,0.183,0
4,3,0,235.82,0.306,1,5.22,0.552,1
4,2,1,475.64,0.474,0,2.56,0.901,1
1,8,1,402.1,0.764,0,7.42,0.651,1
6,4,2,276.75,0.751,1,3.44,0.661,1
0,1,0,15.4,0.037,0,0.98,0.315,0
8,2,3,270.74,0.557,0,3.83,0.86,1
0,0,0,18.14,0.037,0,0.58,0.302,0
2,2,2,484.49,0.408,0,5.47,0.84,1
0,2,0,18.58,0.034,0,1.42,0.142,0
10,5,2,101.23,0.511,1,4.78,0.714,1
3,3,1,348.77,0.215,0,5.45,0.818,1
8,2,3,253.99,0.414,1,5.46,0.798,1
10,3,1,113.47,0.691,0,7.02,0.688,1
8,6,0,429.16,0.3,1,5.05,0.962,1
7,8,1,60.24,0.78,0,6.98,0.896,1
0,0,0,4.89,0.036,0,0.65,0.221,0
0,2,0,10.39,0.047,0,0.97,0.388,0
0,2,0,33.92,0.03,0,0.22,0.229,0
10,5,0,491.06,0.326,0,8.59,0.554,1
0,0,0,20.61,0.013,0,0.53,0.313,0
0,0,0,16.23,0.012,0,1.42,0.122,0
0,2,0,6.38,0.017,0,0.42,0.139,0
5,8,2,182.62,0.893,1,8.67,0.758,1
0,0,0,13.28,0.038,0,1.39,0.258,0
3,7,0,132.14,0.25,1,6.97,0.607,1
6,4,1,152.58,0.847,1,4.72,0.639,1
7,6,1,322.33,0.625,1,3.01,0.731,1
0,0,0,39.32,0.043,0,0.93,0.134,0
1,0,0,5.02,0.008,0,0.36,0.311,0
4,8,1,399.74,0.863,1,5.57,0.749,1
0,0,0,1.09,0.019,0,1.21,0.294,0
1,1,0,25.08,0.042,0,1.27,0.151,0
8,2,1,312.89,0.854,1,8.27,0.819,1
0,2,0,14.77,0.049,0,1.32,0.398,0
7,5,3,464.13,0.776,0,4.04,0.941,1
0,0,0,17.25,0.045,0,0.65,0.121,0
7,4,0,228.58,0.456,1,5.93,0.688,1
5,3,3,166.2,0.851,1,5.69,0.522,1
0,0,0,22.02,0.041,0,0.11,0.342,0
0,1,0,8.43,0.049,0,0.1,0.292,0
6,7,3,58.83,0.217,0,6.6,0.552,1
10,2,2,283.75,0.806,1,9.08,0.683,1
6,6,1,221.69,0.485,1,2.15,0.759,1
7,8,2,68.38,0.132,0,7.62,0.743,1
4,7,3,223.21,0.324,0,2.22,0.63,1
7,7,3,444.8,0.688,1,2.09,0.65,1
0,1,0,25.93,0.029,0,0.42,0.278,0
1,0,0,22.08,0.04,0,1.31,0.139,0
4,3,3,267.06,0.252,0,6.12,0.929,1
5,5,2,128.5,0.598,1,2.92,0.955,1
1,2,3,177.74,0.618,1,3.68,0.721,1
8,8,1,289.78,0.768,0,3.32,0.769,1
0,2,0,29.39,0.034,0,0.15,0.259,0
0,2,0,17.15,0.01,0,1.42,0.196,0
8,8,0,442.1,0.247,1,7.21,0.782,1
1,5,2,453.35,0.762,1,2.82,0.945,1
9,5,2,318.07,0.607,1,6.24,0.934,1
0,0,0,4.12,0.035,0,1.32,0.173,0
6,6,2,106.31,0.192,1,4.51,0.852,1
0,2,0,38.9,0.006,0,0.17,0.137,0
6,2,2,306.94,0.214,1,7.24,0.604,1
9,4,1,315.73,0.704,1,7.04,0.576,1
0,2,0,30.33,0.045,0,0.41,0.139,0
5,3,0,68.99,0.801,0,4.69,0.593,1
6,2,1,433.01,0.868,0,5.18,0.555,1
8,4,3,223.94,0.291,0,4.64,0.502,1
0,2,0,17.26,0.018,0,1.26,0.155,0
0,0,0,5.22,0.006,0,1.18,0.106,0
8,7,3,388.12,0.897,1,8.15,0.647,1
2,3,2,423.51,0.838,1,5.35,0.767,1
5,7,0,153.99,0.399,1,7.45,0.527,1
1,1,0,18.29,0.01,0,1.49,0.188,0
4,6,2,264.64,0.596,0,7.88,0.784,1
0,2,0,31.13,0.045,0,1.47,0.245,0
7,2,2,61.38,0.678,1,4.66,0.544,1
9,6,2,323.78,0.272,1,7.18,0.704,1
0,0,0,37.04,0.025,1,1.15,0.182,0
4,2,2,153.63,0.168,0,2.31,0.997,1
0,0,0,32.71,0.019,0,0.31,0.155,0
8,6,1,426.16,0.401,1,7.49,0.507,1
0,2,0,36.38,0.035,0,0.54,0.321,0
4,6,2,267.39,0.494,1,7.92,0.855,1
0,2,0,15.73,0.015,0,1.1,0.108,0
0,0,0,36.78,0.047,0,0.11,0.229,0
1,2,0,10.65,0.004,0,0.85,0.25,0
5,4,3,261.53,0.204,1,5.72,0.904,1
1,2,0,14.88,0.015,0,1.23,0.13,0
1,2,2,251.1,0.267,1,2.52,0.904,1
1,2,0,25.81,0.007,0,0.68,0.35,0
1,3,1,305.53,0.171,0,3.5,0.818,1
1,7,0,181.98,0.23,0,9.34,0.924,1
0,2,0,31.05,0.024,0,0.82,0.135,0
0,2,0,4.32,0.006,0,1.28,0.4,0
8,2,3,205.82,0.574,0,5.12,0.814,1
6,2,2,426.7,0.363,1,8.56,0.709,1
0,2,0,5.0,0.008,0,0.54,0.334,0
0,1,0,9.05,0.019,1,0.91,0.223,0
0,2,0,4.41,0.031,0,0.93,0.375,0
0,2,0,32.21,0.025,0,0.41,0.315,0
0,1,0,5.33,0.039,0,0.4,0.224,0
10,2,2,278.96,0.214,0,4.4,0.811,1
8,4,0,335.31,0.332,1,2.45,0.859,1
0,2,0,34.14,0.036,0,0.38,0.203,0
0,2,0,15.13,0.004,0,1.05,0.135,0
4,7,2,77.25,0.409,1,2.37,0.698,1
0,2,0,39.15,0.002,0,0.72,0.367,0
7,2,3,346.05,0.516,0,4.45,0.824,1
7,3,1,119.46,0.896,1,9.03,0.64,1
0,2,0,15.06,0.005,0,1.32,0.238,0
4,4,0,155.69,0.588,0,2.01,0.774,1
0,0,0,28.54,0.048,0,0.31,0.122,0
0,2,0,14.06,0.039,0,0.12,0.385,0
0,0,0,18.54,0.048,0,0.23,0.288,0
0,2,0,1.65,0.001,0,1.12,0.278,0
0,2,0,14.75,0.028,1,1.33,0.39,0
9,2,2,307.39,0.893,1,8.62,0.796,1
0,1,0,23.81,0.033,0,0.69,0.334,0
1,0,0,30.58,0.012,1,1.44,0.159,0
0,2,0,3.42,0.033,0,0.24,0.139,0
0,0,0,25.45,0.001,0,0.86,0.349,0
1,3,0,140.18,0.657,1,2.85,0.917,1
5,6,3,337.48,0.213,1,2.5,0.693,1
2,6,3,366.49,0.588,1,9.14,0.682,1
4,5,2,194.12,0.397,0,5.84,0.561,1
2,8,0,311.86,0.397,1,3.12,0.816,1
7,2,2,475.61,0.8,0,5.42,0.654,1
0,2,0,17.61,0.007,0,0.24,0.267,0
0,2,0,5.85,0.036,0,1.15,0.112,0
0,2,0,19.95,0.026,0,0.13,0.269,0
1,1,0,6.51,0.018,0,1.42,0.271,0
3,6,3,451.96,0.32,1,7.3,0.544,1
3,8,1,178.58,0.711,1,4.45,0.798,1
0,2,0,16.26,0.036,0,0.46,0.12,0
0,2,0,2.13,0.023,0,0.32,0.135,0
7,7,1,159.0,0.68,0,2.75,0.66,1
0,1,0,22.76,0.031,0,0.14,0.388,0
0,0,0,2.92,0.003,0,0.63,0.358,0
0,2,0,22.06,0.002,0,0.83,0.304,0
2,2,1,283.93,0.234,1,7.94,0.857,1
0,1,0,24.2,0.017,0,1.1,0.284,0
0,1,0,19.91,0.001,0,1.25,0.241,0
0,0,0,25.37,0.023,0,0.49,0.121,0
0,0,0,23.22,0.012,0,0.68,0.221,0
1,2,3,353.73,0.228,1,3.1,0.625,1
0,2,0,29.13,0.043,0,0.52,0.374,0
0,1,0,16.58,0.018,0,0.47,0.341,0
0,2,0,33.23,0.027,1,0.86,0.294,0
0,2,0,3.02,0.002,0,0.37,0.181,0
1,4,0,312.91,0.32,0,9.07,0.858,1
4,4,0,332.69,0.427,1,2.64,0.931,1
0,1,0,16.55,0.026,0,1.47,0.326,0
0,1,0,27.85,0.033,1,0.87,0.382,0
4,4,1,217.5,0.693,0,4.09,0.67,1
5,3,0,464.04,0.165,1,3.47,0.804,1
0,2,0,3.12,0.045,0,0.38,0.207,0
6,4,2,494.95,0.14,1,7.63,0.631,1
1,0,0,8.15,0.035,0,1.26,0.359,0
3,5,0,90.08,0.296,1,3.9,0.974,1
0,1,0,22.35,0.041,0,0.34,0.203,0
1,2,0,12.96,0.035,1,0.85,0.391,0
0,1,0,15.94,0.015,0,0.67,0.218,0
0,1,0,16.34,0.019,0,0.38,0.383,0
5,5,2,158.95,0.807,1,5.8,0.692,1
0,2,0,11.0,0.03,0,0.98,0.213,0
0,1,0,8.34,0.007,1,1.09,0.171,0
0,2,0,37.32,0.044,0,0.25,0.218,0
2,3,3,266.9,0.782,1,2.72,0.694,1
8,4,2,425.18,0.3,0,5.06,0.91,1
7,4,3,70.56,0.793,0,2.57,0.718,1
0,1,0,12.81,0.043,0,0.76,0.114,0
0,1,0,12.56,0.044,0,0.52,0.381,0
8,3,3,357.52,0.441,1,3.21,0.69,1
0,0,0,11.93,0.016,0,0.65,0.12,0
4,4,3,130.12,0.635,0,7.34,0.765,1
0,0,0,22.0,0.01,0,0.72,0.297,0
0,0,0,28.96,0.046,0,0.77,0.269,0
3,5,0,394.92,0.621,1,5.45,0.613,1
7,8,2,214.33,0.348,0,2.38,0.755,1
5,7,2,67.85,0.216,1,7.45,0.545,1
0,2,0,28.67,0.047,0,1.32,0.113,0
0,0,0,18.72,0.026,0,1.24,0.388,0
0,1,0,19.0,0.031,0,0.45,0.287,0
0,1,0,3.84,0.003,0,1.31,0.167,0
0,0,0,17.67,0.02,0,1.26,0.379,0
4,4,0,312.15,0.429,0,8.47,0.929,1
5,8,3,97.46,0.449,0,5.22,0.915,1
0,1,0,2.23,0.01,0,0.73,0.226,0
2,2,0,477.73,0.354,0,3.07,0.786,1
0,1,0,9.77,0.024,0,1.23,0.262,0
10,4,3,133.49,0.773,0,5.16,0.632,1
0,0,0,1.32,0.043,0,0.53,0.322,0
9,7,3,56.2,0.134,0,5.14,0.646,1
0,2,0,6.28,0.019,0,1.5,0.236,0
9,3,1,384.76,0.453,1,3.67,0.913,1
9,5,3,76.97,0.445,1,9.39,0.525,1
0,1,0,12.93,0.011,0,0.52,0.294,0
0,0,0,28.81,0.048,0,1.3,0.377,0
10,5,0,305.54,0.628,1,9.79,0.515,1
0,2,0,3.77,0.0,0,0.79,0.376,0
6,3,1,84.39,0.668,0,7.79,0.7,1
7,7,3,221.87,0.39,0,5.62,0.692,1
3,2,0,370.09,0.898,0,9.74,0.89,1
5,4,3,190.5,0.341,1,2.74,0.756,1
4,4,0,469.11,0.664,0,4.41,0.774,1
4,8,0,472.16,0.348,1,2.09,0.719,1
0,0,0,33.91,0.01,0,0.45,0.376,0
3,6,2,69.19,0.508,0,2.35,0.607,1
0,2,0,16.43,0.04,0,1.48,0.382,0
0,2,0,20.19,0.001,0,1.33,0.227,0
1,1,0,19.49,0.05,0,0.97,0.367,0
10,2,3,312.18,0.551,0,6.51,0.757,1
0,1,0,25.15,0.039,0,0.62,0.187,0
6,6,3,145.46,0.701,1,8.13,0.805,1
0,0,0,17.58,0.0,0,0.8,0.245,0
10,6,0,154.65,0.599,0,3.32,0.926,1
0,1,0,8.36,0.018,0,0.61,0.23,0
0,2,0,22.74,0.045,0,0.98,0.299,0
0,0,0,1.01,0.012,0,1.06,0.281,0
0,2,0,21.66,0.034,0,0.83,0.134,0
10,8,0,254.8,0.675,0,6.55,0.841,1
0,2,0,9.2,0.032,0,1.14,0.206,0
1,2,0,28.2,0.023,0,1.1,0.329,0
2,5,3,227.32,0.604,1,2.11,0.812,1
8,7,2,414.83,0.64,1,2.91,0.899,1
3,5,0,389.6,0.591,1,4.07,0.558,1
10,2,2,393.79,0.164,1,2.87,0.719,1
0,0,0,21.18,0.038,0,0.97,0.224,0
2,2,1,258.94,0.77,1,6.3,0.716,1
8,7,0,256.93,0.626,1,4.01,0.899,1
4,6,1,207.14,0.894,1,4.86,0.929,1
7,3,2,492.13,0.335,0,6.79,0.911,1
3,6,0,372.66,0.875,1,2.22,0.674,1
0,0,0,9.3,0.005,0,0.16,0.122,0
7,6,3,85.42,0.491,1,8.3,0.583,1
5,4,2,106.04,0.189,1,7.33,0.859,1
8,3,2,119.18,0.313,0,3.41,0.962,1
0,0,0,30.59,0.013,0,1.41,0.337,0
3,2,2,464.19,0.401,1,3.12,0.921,1
0,1,0,26.86,0.015,0,1.31,0.219,0
8,8,0,220.16,0.541,1,9.28,0.97,1
4,8,3,173.41,0.244,0,6.42,0.966,1
1,2,0,29.63,0.047,0,0.33,0.24,0
6,4,0,159.73,0.581,1,2.44,0.765,1
0,0,0,25.94,0.031,0,1.4,0.175,0
0,1,0,19.43,0.047,0,1.05,0.272,0
10,5,3,328.42,0.194,0,4.02,0.679,1
0,2,0,36.0,0.019,0,0.79,0.104,0
0,0,0,3.76,0.038,0,1.01,0.153,0
0,2,0,12.67,0.023,0,1.26,0.291,0
0,1,0,16.98,0.031,0,1.48,0.307,0
0,0,0,2.25,0.004,0,1.19,0.134,0
9,5,1,64.6,0.729,1,4.37,0.563,1
5,7,3,118.38,0.45,0,3.25,0.638,1
0,1,0,9.8,0.018,0,0.49,0.172,0
6,2,2,219.78,0.827,1,8.11,0.986,1
0,1,0,4.25,0.012,0,0.18,0.32,0
0,1,0,20.14,0.018,0,1.17,0.361,0
0,2,0,7.38,0.042,0,1.49,0.252,0
0,0,0,28.18,0.036,0,1.0,0.394,0
9,8,1,405.27,0.63,0,7.94,0.964,1
0,1,0,37.96,0.004,0,1.49,0.139,0
5,2,3,378.03,0.149,1,8.37,0.786,1
6,7,0,224.33,0.691,0,2.41,0.59,1
8,2,1,314.91,0.294,1,3.35,0.665,1
1,2,0,34.28,0.029,0,1.06,0.375,0
1,1,0,4.66,0.045,1,1.07,0.292,0
0,1,0,29.61,0.008,0,0.15,0.188,0
0,0,0,30.37,0.006,0,1.22,0.12,0
0,2,0,30.78,0.01,0,0.32,0.274,0
0,1,0,4.23,0.016,0,1.32,0.381,0
4,4,1,320.63,0.669,1,8.87,0.955,1
0,1,0,35.94,0.04,0,1.23,0.189,0
0,2,0,27.7,0.014,1,0.58,0.377,0
8,2,3,463.2,0.775,1,9.23,0.731,1
0,1,0,9.33,0.043,0,1.34,0.182,0
0,0,0,7.88,0.048,0,0.45,0.136,0
0,0,0,9.25,0.04,0,0.16,0.389,0
3,6,3,480.63,0.478,0,4.51,0.66,1
7,6,2,80.83,0.109,0,3.63,0.65,1
3,3,3,416.37,0.481,0,2.96,0.775,1
2,2,1,234.87,0.572,0,8.0,0.895,1
0,2,0,33.41,0.046,0,0.21,0.232,0
8,5,1,192.08,0.521,0,4.78,0.501,1
0,1,0,8.11,0.004,1,1.37,0.211,0
0,1,0,26.75,0.032,0,0.87,0.216,0
10,6,1,358.75,0.413,1,6.42,0.812,1
9,6,1,264.17,0.429,0,9.65,0.862,1
10,4,2,233.66,0.848,1,5.53,0.788,1
6,5,2,474.72,0.106,1,3.4,0.78,1
0,0,0,13.83,0.033,0,1.24,0.392,0
0,0,0,2.23,0.038,0,1.08,0.2,0
8,7,2,363.83,0.214,1,8.8,0.56,1
0,0,0,34.87,0.025,0,0.64,0.17,0
10,8,3,456.33,0.887,0,6.13,0.623,1
0,2,0,3.18,0.03,1,0.85,0.32,0
0,0,0,15.21,0.014,0,0.43,0.16,0
3,8,2,57.06,0.618,1,9.65,0.786,1
2,8,2,252.52,0.182,1,2.7,0.946,1
9,2,0,239.58,0.517,0,4.04,0.969,1
7,4,2,349.58,0.878,0,7.31,0.513,1
1,3,1,160.34,0.454,0,9.63,0.523,1
0,1,0,31.81,0.002,0,1.27,0.362,0
0,1,0,36.89,0.022,1,1.04,0.348,0
0,1,0,38.27,0.041,0,0.13,0.106,0
0,1,0,39.01,0.011,0,1.43,0.29,0
6,4,3,498.59,0.693,1,3.15,0.588,1
8,7,2,324.9,0.299,1,7.16,0.939,1
0,0,0,13.59,0.05,0,0.11,0.284,0
0,2,0,9.76,0.022,0,1.31,0.225,0
0,1,0,34.66,0.025,0,0.42,0.254,0
8,5,3,323.31,0.214,1,6.28,0.866,1
0,0,0,32.41,0.017,0,0.87,0.383,0
0,2,0,3.53,0.03,0,1.41,0.295,0
0,1,0,24.41,0.038,0,0.23,0.249,0
0,2,0,1.2,0.032,0,0.68,0.124,0
4,6,3,363.33,0.287,0,5.22,0.745,1
9,4,1,460.06,0.322,0,9.01,0.641,1
4,3,3,222.9,0.242,1,8.26,0.577,1
0,1,0,31.67,0.033,0,1.3,0.209,0
0,2,0,16.97,0.012,0,1.41,0.123,0
9,7,1,326.46,0.488,1,3.8,0.668,1
4,3,3,269.57,0.779,0,4.18,0.793,1
5,8,1,357.34,0.859,0,6.38,0.743,1
3,3,2,190.51,0.244,0,9.45,0.536,1
0,1,0,19.13,0.04,0,0.24,0.248,0
0,2,0,6.66,0.049,0,1.2,0.35,0
2,3,0,214.84,0.146,0,8.63,0.75,1
0,0,0,2.55,0.042,0,0.28,0.202,0
4,5,3,179.27,0.263,0,2.2,0.936,1
3,5,2,232.93,0.23,0,9.73,0.534,1
0,1,0,11.27,0.031,0,0.8,0.372,0
1,2,0,29.25,0.016,0,1.21,0.377,0
6,7,1,186.78,0.167,0,9.35,0.629,1
0,1,0,8.94,0.016,0,0.38,0.317,0
9,7,2,404.9,0.233,1,3.19,0.843,1
10,8,2,239.61,0.438,1,4.33,0.903,1
1,1,0,8.44,0.01,0,0.7,0.396,0
0,2,0,34.88,0.01,0,1.47,0.342,0
0,2,0,16.48,0.01,0,0.12,0.228,0
4,8,2,463.51,0.499,1,9.06,0.531,1
0,0,0,25.36,0.022,0,0.94,0.221,0
1,2,0,39.26,0.002,0,1.17,0.168,0
0,1,0,18.15,0.026,0,1.44,0.261,0
0,1,0,24.61,0.02,0,1.36,0.265,0
5,7,1,213.99,0.268,1,9.97,0.623,1
0,1,0,20.42,0.005,1,0.54,0.292,0
1,5,0,57.51,0.529,0,9.3,0.768,1
0,2,0,7.06,0.035,0,0.33,0.338,0
0,2,0,8.13,0.038,0,1.03,0.181,0
5,5,1,262.15,0.836,0,4.1,0.768,1
0,2,0,3.96,0.047,0,0.46,0.392,0
10,7,1,138.08,0.437,1,8.24,0.985,1
8,3,3,183.17,0.5,1,6.77,0.868,1
0,2,0,3.05,0.043,0,0.81,0.237,0
6,5,2,245.91,0.869,1,7.36,0.504,1
10,6,0,165.17,0.243,1,5.58,0.787,1
5,2,2,89.33,0.241,1,3.12,0.546,1
0,2,0,11.74,0.006,0,1.17,0.155,0
5,2,1,170.41,0.717,0,9.4,0.925,1
3,2,0,225.67,0.595,0,6.71,0.514,1
10,6,3,123.67,0.655,0,8.01,0.503,1
0,2,0,4.41,0.042,0,0.36,0.175,0
0,1,0,26.82,0.025,0,1.19,0.346,0
0,0,0,3.15,0.033,0,0.85,0.354,0
3,8,2,497.11,0.689,1,7.9,0.708,1
0,0,0,9.35,0.008,0,0.31,0.15,0
8,8,1,125.97,0.381,0,8.41,0.992,1
6,6,2,406.73,0.117,0,8.54,0.871,1
0,0,0,15.04,0.03,0,0.81,0.239,0
0,1,0,7.25,0.036,0,0.71,0.147,0
4,6,1,89.8,0.892,1,8.05,0.72,1
2,7,1,296.04,0.256,0,6.14,0.845,1
0,0,0,10.86,0.019,1,0.58,0.288,0
1,2,0,20.09,0.024,0,1.2,0.137,0
0,2,0,25.45,0.027,0,0.53,0.256,0
0,2,0,37.9,0.011,0,1.15,0.318,0
5,4,0,72.92,0.547,0,3.99,0.744,1
3,5,3,227.58,0.16,1,8.48,0.931,1
0,1,0,5.98,0.01,0,0.51,0.398,0
0,2,0,16.32,0.018,0,0.58,0.298,0
0,0,0,5.56,0.018,0,0.96,0.167,0
0,1,0,13.3,0.01,0,0.66,0.132,0
8,6,1,343.64,0.8,1,9.53,0.937,1
7,6,0,409.57,0.831,1,4.39,0.765,1
4,3,0,143.19,0.791,0,9.27,0.877,1
3,5,0,171.75,0.503,1,6.6,0.905,1
0,1,0,20.22,0.006,0,1.2,0.265,0
0,1,0,25.88,0.029,0,0.58,0.125,0
0,2,0,31.01,0.012,0,0.96,0.163,0
5,3,2,167.46,0.656,1,5.57,0.755,1
0,1,0,28.19,0.02,0,1.07,0.367,0
8,4,2,426.07,0.707,1,6.55,0.574,1
9,2,0,415.45,0.25,1,7.05,0.896,1
6,4,1,453.86,0.852,0,9.85,0.598,1
0,2,0,32.04,0.032,0,0.61,0.221,0
5,8,3,233.14,0.23,0,7.18,0.666,1
0,2,0,38.82,0.045,0,0.16,0.142,0
0,1,0,18.61,0.044,0,0.55,0.172,0
8,6,2,398.49,0.667,1,5.74,0.991,1
7,7,3,384.45,0.426,1,9.18,0.978,1
2,4,2,347.35,0.572,1,7.57,0.538,1
8,7,2,194.63,0.746,1,3.52,0.642,1
10,8,3,101.21,0.105,1,6.64,0.689,1
0,1,0,8.12,0.0,0,1.33,0.397,0
0,0,0,23.84,0.019,0,0.93,0.389,0
0,2,0,25.67,0.019,0,0.32,0.251,0
0,1,0,5.9,0.025,1,1.11,0.187,0
0,2,0,15.42,0.021,0,0.71,0.349,0
8,8,0,459.4,0.564,1,9.65,0.655,1
0,0,0,21.49,0.05,0,1.12,0.269,0
0,1,0,15.42,0.019,0,1.38,0.172,0
6,4,2,87.43,0.295,0,6.68,0.604,1
3,2,0,151.88,0.612,1,4.06,0.99,1
5,7,3,382.74,0.585,0,6.09,0.671,1
1,8,2,118.68,0.718,1,5.98,0.792,1
0,1,0,5.86,0.044,0,0.84,0.204,0
1,4,3,497.29,0.248,1,6.75,0.555,1
1,4,1,61.54,0.36,1,7.53,0.718,1
0,2,0,1.37,0.02,0,1.09,0.268,0
0,2,0,34.58,0.044,0,0.24,0.121,0
3,4,2,135.37,0.896,0,9.18,0.678,1
3,4,2,405.84,0.517,1,9.36,0.652,1
0,0,0,26.37,0.001,0,0.75,0.254,0
9,5,3,208.14,0.138,0,3.26,0.684,1
4,4,2,285.02,0.385,1,7.57,0.956,1
0,2,0,12.38,0.028,0,1.37,0.242,0
1,0,0,13.89,0.042,0,1.07,0.344,0
0,2,0,10.86,0.014,0,0.58,0.141,0
8,4,2,473.84,0.766,1,3.19,0.842,1
9,7,0,198.43,0.234,0,6.29,0.759,1
0,2,0,11.33,0.012,0,1.04,0.363,0
0,0,0,38.92,0.024,0,1.18,0.118,0
3,5,1,51.55,0.574,1,2.78,0.939,1
0,1,0,6.38,0.043,0,1.47,0.389,0
3,3,2,316.1,0.174,1,2.94,0.566,1
2,2,3,314.11,0.119,0,3.19,0.807,1
8,2,0,440.15,0.214,1,6.25,0.798,1
0,1,0,9.38,0.046,0,0.34,0.159,0
7,4,1,336.35,0.26,1,8.39,0.528,1
0,2,0,35.01,0.041,0,1.0,0.371,0
0,0,0,18.87,0.027,0,0.66,0.398,0
3,6,3,365.5,0.757,1,4.46,0.779,1
1,3,1,338.3,0.601,1,5.69,0.601,1
0,1,0,25.4,0.04,0,1.35,0.143,0
0,1,0,13.82,0.043,0,1.16,0.288,0
1,2,1,396.7,0.458,1,2.12,0.701,1
3,3,0,224.26,0.222,1,4.45,0.709,1
0,1,0,18.91,0.033,0,1.45,0.126,0
7,5,3,58.8,0.107,0,7.44,0.823,1
0,0,0,35.91,0.049,0,0.97,0.344,0
7,6,0,334.41,0.217,1,4.29,0.708,1
0,0,0,20.04,0.024,0,0.25,0.255,0
6,6,1,259.04,0.499,1,8.95,0.883,1
0,0,0,8.21,0.002,0,0.47,0.275,0
0,2,0,18.49,0.017,1,0.44,0.141,0
0,1,0,34.39,0.031,1,0.82,0.389,0
6,7,0,340.75,0.86,1,8.26,0.784,1
0,0,0,19.67,0.04,1,0.9,0.304,0
1,4,3,346.96,0.206,1,3.62,0.856,1
0,2,0,4.38,0.005,0,0.71,0.274,0
2,4,0,395.31,0.822,1,9.55,0.775,1
0,1,0,27.77,0.021,0,0.88,0.372,0
3,6,0,279.54,0.713,0,3.02,0.976,1
0,2,0,31.37,0.02,0,0.16,0.294,0
8,2,3,374.24,0.343,1,9.26,0.999,1
7,6,1,340.85,0.372,1,7.82,0.933,1
0,1,0,14.41,0.004,0,1.18,0.38,0
9,5,2,140.97,0.637,1,4.33,0.863,1
0,0,0,9.92,0.033,0,0.95,0.223,0
2,8,2,252.37,0.656,0,5.55,0.95,1
8,6,1,469.33,0.616,1,6.61,0.6,1
0,0,0,28.53,0.025,0,0.16,0.365,0
0,0,0,20.05,0.019,0,0.32,0.366,0
6,3,2,70.02,0.589,1,9.92,0.753,1
4,6,3,297.33,0.415,1,9.37,0.835,1
4,3,3,314.91,0.431,1,5.71,0.746,1
0,2,0,15.77,0.039,0,1.36,0.298,0
10,5,0,443.68,0.586,0,8.69,0.655,1
0,1,0,15.37,0.002,0,0.59,0.344,0
0,1,0,12.58,0.031,1,1.34,0.39,0
6,2,1,195.21,0.885,1,2.94,0.74,1
3,7,0,290.96,0.569,1,3.2,0.865,1
5,5,0,288.51,0.515,1,6.83,0.543,1
3,7,0,305.93,0.107,0,2.68,0.836,1
0,1,0,28.87,0.03,0,0.73,0.101,0
9,4,3,252.34,0.679,0,6.87,0.859,1
8,7,0,462.35,0.328,0,8.25,0.592,1
0,2,0,35.83,0.045,0,1.22,0.184,0
0,2,0,33.71,0.021,0,0.31,0.393,0
0,1,0,23.24,0.006,0,0.58,0.109,0
0,2,0,20.7,0.037,0,0.23,0.37,0
0,2,0,36.14,0.025,0,0.95,0.312,0
0,1,0,28.55,0.001,0,1.33,0.187,0
0,0,0,18.42,0.003,0,0.77,0.106,0
0,2,0,16.19,0.005,0,0.32,0.151,0
4,2,0,186.26,0.541,1,7.7,0.688,1
0,1,0,16.08,0.023,0,0.83,0.192,0
6,8,0,112.34,0.408,0,7.72,0.799,1
0,2,0,37.47,0.019,1,0.62,0.113,0
10,7,0,181.92,0.179,1,2.3,0.931,1
0,2,0,18.86,0.035,0,1.39,0.369,0
10,8,3,213.89,0.517,1,6.54,0.802,1
8,4,1,286.4,0.327,1,5.73,0.62,1
0,1,0,35.16,0.023,0,1.13,0.187,0
0,2,0,31.78,0.011,0,0.98,0.12,0
10,6,1,78.76,0.579,0,3.01,0.992,1
2,5,0,205.6,0.413,1,2.38,0.598,1
0,2,0,12.84,0.002,0,0.38,0.38,0
0,1,0,25.39,0.027,0,0.24,0.354,0
0,1,0,4.81,0.016,0,1.0,0.259,0
8,4,2,412.82,0.879,0,2.58,0.606,1
3,2,1,290.04,0.293,1,9.3,0.919,1
3,6,0,353.96,0.654,1,9.03,0.512,1
9,5,2,71.59,0.618,0,5.8,0.505,1
3,4,1,265.1,0.157,1,4.11,0.834,1
1,8,0,460.9,0.688,1,4.23,0.845,1
2,7,3,335.36,0.738,0,9.36,0.767,1
0,0,0,10.75,0.045,1,0.48,0.196,0
0,0,0,18.49,0.019,0,0.71,0.172,0
0,2,0,14.24,0.02,0,1.47,0.239,0
4,3,2,65.34,0.814,1,9.34,0.727,1
1,0,0,12.61,0.023,0,0.14,0.184,0
1,4,1,374.03,0.752,0,8.72,0.894,1
8,4,0,395.58,0.887,0,7.63,0.554,1
0,1,0,3.22,0.013,0,0.93,0.333,0
0,1,0,18.59,0.048,0,1.12,0.148,0
0,2,0,37.79,0.011,0,0.33,0.156,0
10,6,1,386.49,0.773,0,9.04,0.704,1
8,4,2,476.16,0.479,0,3.3,0.787,1
0,2,0,14.92,0.011,0,1.43,0.339,0
7,7,1,275.25,0.3,1,3.84,0.904,1
10,8,1,421.99,0.679,1,3.15,0.915,1
0,2,0,27.09,0.02,0,0.26,0.366,0
0,0,0,13.19,0.019,0,1.4,0.383,0
1,0,0,11.68,0.009,1,1.49,0.294,0
2,5,0,471.17,0.413,0,6.14,0.806,1
0,1,0,39.05,0.042,0,0.72,0.24,0
0,1,0,34.78,0.041,0,1.36,0.243,0
6,6,1,212.16,0.708,0,6.38,0.923,1
3,4,2,211.23,0.501,1,6.78,0.525,1
0,0,0,21.15,0.008,0,0.44,0.285,0
7,5,1,305.37,0.838,1,5.05,0.586,1
0,1,0,1.13,0.001,0,1.5,0.395,0
0,1,0,13.31,0.021,0,0.86,0.179,0
0,1,0,22.14,0.008,0,1.21,0.304,0
0,0,0,38.96,0.021,0,0.89,0.38,0
1,3,2,288.84,0.565,1,3.37,0.582,1
5,8,2,235.22,0.406,1,4.91,0.682,1
8,7,3,401.31,0.172,1,5.16,0.907,1
3,6,1,110.29,0.897,0,9.91,0.561,1
0,1,0,6.78,0.006,0,0.88,0.38,0
8,2,2,373.86,0.887,1,7.83,0.854,1
1,2,0,2.19,0.008,0,1.23,0.236,0
2,3,2,235.45,0.167,1,3.01,0.711,1
8,5,2,80.29,0.184,1,8.51,0.892,1
0,2,0,20.99,0.032,0,1.09,0.183,0
2,8,1,439.4,0.175,1,7.21,0.504,1
10,7,3,351.08,0.63,1,8.89,0.716,1
6,3,1,385.84,0.458,1,9.83,0.96,1
0,1,0,29.26,0.027,0,0.94,0.301,0
4,4,1,316.84,0.233,1,8.7,0.827,1
0,2,0,7.28,0.013,0,1.09,0.251,0
2,7,3,291.42,0.551,1,8.02,0.912,1
0,0,0,31.37,0.009,0,0.84,0.15,0
0,1,0,6.04,0.011,0,0.43,0.275,0
1,7,1,358.34,0.304,0,4.47,0.947,1
1,2,3,184.5,0.158,1,2.26,0.538,1
0,0,0,15.72,0.005,0,0.56,0.247,0
0,1,0,25.67,0.013,0,1.18,0.389,0
7,3,0,340.19,0.843,1,2.3,0.66,1
9,3,3,354.37,0.332,0,8.89,0.717,1
2,2,2,298.65,0.848,1,8.0,0.871,1
0,0,0,21.73,0.009,0,0.55,0.397,0
0,0,0,20.89,0.046,1,0.99,0.194,0
0,0,0,19.68,0.01,0,0.44,0.389,0
0,1,0,16.12,0.047,0,1.11,0.262,0
0,1,0,21.13,0.038,0,0.79,0.196,0
0,1,0,9.01,0.012,0,0.76,0.104,0
0,0,0,9.51,0.009,0,0.16,0.18,0
0,0,0,33.73,0.018,0,1.5,0.123,0
10,6,0,121.75,0.779,1,9.93,0.622,1
2,7,3,72.66,0.332,1,2.38,0.879,1
0,1,0,28.29,0.04,0,0.43,0.335,0
3,7,2,206.82,0.639,1,8.35,0.864,1
9,7,0,99.82,0.571,0,9.21,0.5,1
0,0,0,36.7,0.039,0,1.4,0.336,0
6,7,2,477.35,0.48,1,8.79,0.744,1
0,2,0,21.16,0.024,1,1.01,0.171,0
9,6,1,204.04,0.872,1,3.25,0.899,1
1,4,0,320.19,0.695,0,8.66,0.529,1
0,2,0,30.77,0.015,0,0.44,0.309,0
0,1,0,31.0,0.006,0,0.17,0.105,0
0,2,0,24.32,0.034,0,1.46,0.201,0
10,6,2,76.54,0.798,1,3.6,0.842,1
6,6,2,445.22,0.315,1,6.85,0.73,1
10,6,1,175.75,0.889,1,3.13,0.597,1
0,0,0,12.8,0.004,0,1.3,0.283,0
7,7,1,208.3,0.63,0,7.92,0.753,1
10,5,3,263.38,0.31,1,4.5,0.728,1
0,2,0,29.99,0.012,0,0.85,0.325,0
0,0,0,11.21,0.034,0,0.9,0.115,0
0,1,0,26.42,0.031,0,1.1,0.281,0
0,2,0,29.98,0.018,0,0.25,0.13,0
1,0,0,33.23,0.041,0,0.24,0.27,0
2,4,3,146.28,0.883,0,5.67,0.686,1
0,2,0,29.76,0.044,0,0.59,0.397,0
9,7,2,255.38,0.351,0,3.87,0.917,1
0,2,0,9.23,0.049,0,0.25,0.284,0
5,8,0,65.2,0.419,0,3.74,0.659,1
9,6,1,360.34,0.119,1,3.19,0.915,1
1,2,0,11.61,0.035,0,1.25,0.229,0
0,2,0,24.71,0.017,0,0.4,0.152,0
2,2,3,89.09,0.691,1,3.0,0.636,1
0,0,0,36.12,0.018,0,1.27,0.317,0
7,3,2,371.44,0.195,0,8.51,0.51,1
1,2,0,208.55,0.151,0,5.05,0.932,1
6,2,2,185.55,0.672,0,3.56,0.618,1
9,3,2,440.66,0.559,0,7.65,0.662,1
1,0,0,31.12,0.011,0,0.66,0.171,0
0,1,0,4.74,0.016,0,1.18,0.308,0
10,4,2,268.72,0.357,0,2.76,0.6,1
7,3,1,477.06,0.85,0,4.79,0.583,1
0,0,0,29.67,0.002,0,0.34,0.243,0
10,6,1,280.32,0.893,1,2.77,0.682,1
5,3,0,444.92,0.673,1,9.76,0.592,1
4,6,3,229.97,0.869,1,9.3,0.621,1
6,5,2,51.54,0.76,0,8.8,0.841,1
7,7,2,117.74,0.298,1,4.5,0.92,1
7,7,3,245.7,0.274,1,7.36,0.599,1
0,1,0,7.94,0.031,1,0.82,0.191,0
0,2,0,3.76,0.003,0,1.46,0.25,0
0,1,0,5.75,0.005,0,0.91,0.265,0
0,1,0,20.64,0.036,0,0.72,0.335,0
6,8,1,299.46,0.343,1,9.76,0.645,1
0,2,0,30.6,0.037,0,0.45,0.238,0
7,2,3,366.43,0.324,1,7.98,0.615,1
0,1,0,8.29,0.026,0,1.19,0.291,0
2,2,2,179.14,0.741,1,3.38,0.827,1
0,1,0,7.21,0.04,0,0.69,0.371,0
1,4,1,301.79,0.707,1,3.19,0.748,1
1,0,0,38.26,0.032,0,0.75,0.296,0
9,2,0,490.77,0.814,0,5.57,0.973,1
3,5,0,120.14,0.88,1,8.02,0.517,1
1,1,0,28.86,0.016,0,0.1,0.1,0
8,5,2,383.54,0.879,1,8.32,0.848,1
2,7,0,461.37,0.74,0,8.51,0.651,1
7,7,1,147.54,0.886,0,9.81,0.622,1
10,8,1,396.89,0.811,0,5.06,0.789,1
10,4,3,72.05,0.465,1,8.3,0.831,1
0,1,0,33.09,0.002,0,1.27,0.234,0
3,5,2,58.97,0.647,0,3.63,0.943,1
0,2,0,12.27,0.011,0,0.97,0.363,0
9,6,0,424.71,0.737,0,9.37,0.781,1
0,1,0,10.15,0.047,0,0.53,0.264,0
1,8,2,107.35,0.371,0,6.4,0.583,1
6,8,1,173.22,0.247,1,2.17,0.772,1
0,0,0,34.65,0.048,0,0.57,0.199,0
3,3,0,100.27,0.806,0,2.91,0.982,1
10,2,2,457.55,0.635,0,7.19,0.682,1
0,2,0,15.9,0.011,0,0.24,0.283,0
5,2,3,369.82,0.427,1,3.03,0.662,1
0,2,0,20.54,0.031,0,1.47,0.345,0
8,3,3,313.33,0.729,1,3.09,0.547,1
9,4,1,372.85,0.375,1,9.75,0.537,1
0,2,0,25.26,0.023,0,1.16,0.175,0
1,8,1,205.61,0.786,1,4.3,0.833,1
5,3,3,191.73,0.324,1,8.49,0.932,1
7,5,1,171.57,0.561,0,6.52,0.679,1
10,4,2,191.43,0.885,0,3.01,0.511,1
2,3,1,324.5,0.627,1,8.75,0.52,1
0,0,0,37.96,0.043,0,0.4,0.112,0
0,2,0,23.84,0.014,0,0.34,0.371,0
2,3,2,122.78,0.311,1,4.69,0.858,1
0,1,0,13.89,0.008,0,1.14,0.205,0
7,5,3,366.31,0.796,1,6.63,0.862,1
0,2,0,33.38,0.013,0,0.85,0.151,0
8,7,0,471.52,0.619,1,9.91,0.796,1
8,7,0,89.07,0.164,0,2.61,0.732,1
8,2,1,249.61,0.56,0,7.59,0.86,1
5,5,2,150.6,0.135,0,8.68,0.536,1
0,2,0,15.59,0.035,0,0.12,0.219,0
4,8,0,455.27,0.448,0,4.56,0.796,1
0,2,0,9.5,0.049,0,0.57,0.285,0
0,1,0,13.19,0.034,1,1.08,0.253,0
0,0,0,17.93,0.011,0,1.0,0.173,0
4,5,0,477.61,0.581,1,4.46,0.737,1
1,6,1,63.71,0.519,0,6.8,0.784,1
7,6,2,107.2,0.741,0,3.22,0.634,1
4,2,1,305.0,0.77,1,4.91,0.587,1
0,0,0,26.55,0.036,0,0.47,0.276,0
0,1,0,22.9,0.046,0,0.2,0.18,0
0,2,0,1.64,0.036,0,1.09,0.106,0
7,5,1,204.39,0.366,1,4.66,0.755,1
5,5,1,388.92,0.87,0,7.68,0.964,1
0,2,0,14.58,0.032,0,0.29,0.356,0
0,0,0,17.8,0.041,0,0.76,0.392,0
4,2,3,378.51,0.876,1,8.29,0.627,1
2,5,3,325.05,0.334,1,2.99,0.632,1
7,3,0,266.36,0.687,0,6.33,0.701,1
9,4,1,414.24,0.33,0,3.15,0.725,1
1,2,1,81.29,0.506,1,2.58,0.993,1
0,1,0,11.07,0.018,0,0.3,0.149,0
0,0,0,7.93,0.024,0,0.13,0.199,0
0,0,0,31.71,0.04,0,1.34,0.132,0
0,0,0,34.48,0.046,0,1.35,0.102,0
0,0,0,14.0,0.021,1,1.04,0.379,0
0,0,0,23.6,0.043,0,1.07,0.32,0
1,5,3,353.4,0.622,0,8.85,0.823,1
0,1,0,30.56,0.032,0,0.11,0.357,0
2,7,2,386.5,0.886,1,8.72,0.896,1
6,8,3,304.34,0.33,1,6.23,0.622,1
9,4,3,340.53,0.434,0,8.58,0.854,1
0,0,0,33.64,0.023,0,0.55,0.149,0
1,8,2,132.03,0.504,0,2.94,0.639,1
9,2,3,99.24,0.434,0,8.03,0.93,1
6,6,3,468.48,0.318,0,7.71,0.822,1
0,1,0,19.96,0.034,0,0.31,0.349,0
6,8,2,470.24,0.335,0,9.41,0.907,1
4,7,1,188.32,0.761,0,6.24,0.533,1
8,8,3,139.14,0.219,0,4.74,0.518,1
6,5,3,396.44,0.197,0,6.75,0.687,1
4,6,3,101.01,0.798,1,9.25,0.911,1
6,4,0,199.9,0.557,0,4.59,0.808,1
10,3,2,364.33,0.834,1,4.75,0.871,1
0,0,0,7.88,0.022,0,0.6,0.227,0
2,5,0,205.06,0.16,0,4.87,0.835,1
4,7,2,340.94,0.783,0,5.08,0.609,1
4,8,2,445.23,0.648,0,9.49,0.622,1
8,3,3,390.89,0.524,1,4.08,0.67,1
5,4,1,228.03,0.23,1,3.69,0.724,1
6,3,3,421.61,0.698,0,9.52,0.777,1
9,4,3,333.3,0.344,1,8.51,0.944,1
7,8,0,246.32,0.326,1,7.04,0.811,1
0,0,0,4.87,0.037,0,0.83,0.355,0
3,4,1,244.72,0.143,1,4.52,0.859,1
0,1,0,23.48,0.016,0,0.77,0.125,0
1,5,1,446.77,0.242,1,7.11,0.559,1
3,8,1,287.55,0.14,1,2.9,0.931,1
0,1,0,10.79,0.001,0,0.74,0.21,0
6,4,2,438.03,0.539,1,4.26,0.678,1
0,2,0,8.76,0.003,0,0.8,0.11,0
0,1,0,6.73,0.0,0,0.9,0.276,0
1,0,0,27.93,0.034,0,0.89,0.142,0
10,8,0,137.82,0.878,1,4.28,0.743,1
0,1,0,36.24,0.013,0,0.96,0.397,0
4,8,1,274.55,0.181,0,4.21,0.559,1
0,1,0,29.38,0.019,0,0.41,0.143,0
6,5,0,465.51,0.262,0,4.36,0.893,1
1,0,0,22.59,0.048,0,0.73,0.207,0
8,4,3,331.91,0.16,1,5.74,0.655,1
4,2,3,187.5,0.718,0,8.77,0.558,1
0,1,0,23.89,0.022,0,1.17,0.307,0
10,4,3,285.25,0.345,0,2.64,0.633,1
8,3,1,392.52,0.875,0,2.02,0.947,1
0,2,0,37.02,0.021,0,1.19,0.293,0
2,5,2,336.28,0.711,1,7.0,0.643,1
4,6,0,367.05,0.375,1,3.39,0.866,1
0,1,0,30.33,0.043,1,0.39,0.306,0
0,1,0,22.81,0.023,0,1.23,0.363,0
2,5,3,279.22,0.679,0,8.27,0.815,1
1,2,1,403.45,0.108,1,3.81,0.854,1
0,1,0,32.88,0.021,1,0.64,0.364,0
0,1,0,12.82,0.037,0,0.82,0.288,0
0,2,0,14.38,0.031,0,0.75,0.346,0
0,2,0,29.82,0.015,0,0.21,0.17,0
10,8,1,478.1,0.713,0,3.45,0.971,1
8,3,0,318.67,0.718,0,9.84,0.836,1
0,1,0,26.94,0.003,0,1.07,0.19,0
2,2,2,461.53,0.417,0,3.77,0.701,1
0,1,0,18.69,0.039,0,0.51,0.312,0
0,2,0,11.59,0.036,0,1.29,0.274,0
4,2,2,177.66,0.577,1,7.55,0.703,1
1,5,0,324.62,0.329,1,8.03,0.537,1
0,0,0,34.44,0.049,0,1.08,0.201,0
4,5,0,94.33,0.715,0,4.01,0.567,1
0,1,0,10.26,0.005,0,1.18,0.358,0
2,3,2,177.43,0.817,0,7.73,0.976,1
10,7,1,421.1,0.341,0,4.91,0.747,1
7,8,0,424.84,0.52,1,4.0,0.912,1
0,1,0,20.38,0.001,0,0.27,0.307,0
0,0,0,26.6,0.016,0,0.39,0.187,0
9,2,1,361.99,0.314,1,5.27,0.598,1
0,0,0,16.78,0.038,0,1.14,0.311,0
0,0,0,6.41,0.022,0,0.59,0.371,0
0,1,0,31.35,0.025,0,1.18,0.362,0
0,0,0,34.33,0.03,0,0.92,0.338,0
0,1,0,18.22,0.05,0,1.12,0.23,0
0,1,0,35.87,0.009,0,0.12,0.233,0
9,7,0,337.82,0.568,1,2.8,0.578,1
0,1,0,36.25,0.013,0,0.2,0.21,0
1,5,0,329.5,0.586,1,5.02,0.602,1
6,5,1,169.95,0.729,1,6.58,0.564,1
6,5,1,389.31,0.428,1,5.52,0.503,1
10,2,2,400.23,0.348,1,9.54,0.596,1
0,1,0,36.23,0.001,0,0.94,0.154,0
8,7,3,417.83,0.863,0,6.61,0.528,1
6,6,0,313.9,0.279,1,2.47,0.771,1
0,2,0,34.02,0.036,0,1.39,0.318,0
0,1,0,1.39,0.047,0,0.21,0.303,0
0,2,0,29.74,0.033,0,0.8,0.21,0
6,4,0,321.84,0.227,0,9.64,0.579,1
3,3,2,245.44,0.633,1,7.01,0.979,1
0,2,0,31.36,0.039,0,0.2,0.32,0
7,5,0,63.68,0.449,0,7.48,0.787,1
10,2,2,175.11,0.731,0,7.35,0.669,1
8,8,3,284.07,0.42,1,6.52,0.517,1
0,0,0,20.91,0.001,0,0.4,0.295,0
10,8,0,406.63,0.497,0,9.98,0.599,1
0,2,0,4.78,0.003,0,0.54,0.351,0
0,1,0,35.81,0.007,0,0.32,0.289,0
0,1,0,16.92,0.016,0,0.35,0.19,0
0,1,0,7.62,0.019,0,0.23,0.152,0
0,1,0,24.53,0.001,0,0.48,0.371,0
0,0,0,25.75,0.042,0,0.15,0.314,0
0,0,0,6.54,0.018,0,0.72,0.19,0
0,1,0,32.83,0.001,1,1.36,0.294,0
8,7,2,307.97,0.19,0,8.34,0.822,1
0,0,0,12.52,0.035,0,0.59,0.358,0
0,2,0,14.79,0.025,0,0.29,0.196,0
0,0,0,10.44,0.015,0,0.83,0.374,0
0,1,0,1.95,0.011,0,0.54,0.209,0
0,2,0,21.83,0.001,0,1.44,0.281,0
0,1,0,38.15,0.011,1,1.0,0.254,0
0,1,0,39.66,0.014,0,0.34,0.138,0
0,0,0,35.08,0.041,0,1.21,0.157,0
0,0,0,34.6,0.018,0,0.94,0.119,0
5,5,3,125.11,0.194,1,9.07,0.928,1
5,8,0,119.27,0.517,1,5.31,0.995,1
1,1,0,34.23,0.035,0,0.11,0.112,0
2,4,1,403.88,0.287,1,4.5,0.785,1
0,1,0,17.58,0.047,0,0.26,0.339,0
8,7,3,413.86,0.896,1,7.45,0.706,1
2,5,0,479.25,0.32,0,3.37,0.984,1
1,3,1,171.28,0.769,1,5.31,0.839,1
10,2,2,477.93,0.213,1,6.37,0.697,1
9,3,3,471.26,0.471,0,2.0,0.937,1
6,6,2,197.82,0.761,1,6.65,0.998,1
9,3,2,191.79,0.171,1,9.3,0.593,1
5,6,1,142.69,0.766,0,6.81,0.854,1
3,4,0,274.35,0.666,1,10.0,0.684,1
0,2,0,1.96,0.049,0,0.2,0.279,0
6,4,2,481.97,0.401,1,9.49,0.643,1
0,1,0,1.46,0.032,0,1.05,0.192,0
0,0,0,23.29,0.009,0,0.98,0.128,0
1,6,1,226.83,0.116,1,4.69,0.753,1
2,7,2,287.21,0.841,1,8.47,0.751,1
0,1,0,20.96,0.047,0,0.33,0.203,0
0,0,0,13.24,0.037,0,1.14,0.387,0
0,0,0,24.69,0.032,0,1.28,0.189,0
0,1,0,13.83,0.035,0,1.11,0.248,0
8,3,2,360.81,0.513,0,5.6,0.624,1
0,0,0,32.05,0.031,0,0.23,0.177,0
10,4,3,258.14,0.579,0,5.05,0.677,1
0,0,0,20.9,0.047,0,0.46,0.111,0
7,6,3,404.12,0.194,1,5.01,0.719,1
8,2,2,352.49,0.151,1,6.99,0.925,1
0,1,0,24.28,0.003,1,0.68,0.247,0
0,0,0,16.77,0.006,0,0.84,0.146,0
1,1,0,37.52,0.049,0,1.09,0.353,0
4,6,2,460.62,0.248,1,4.07,0.88,1
0,2,0,39.73,0.022,0,0.44,0.145,0
0,2,0,39.81,0.031,0,1.03,0.35,0
4,2,3,250.2,0.327,1,6.32,0.859,1
0,0,0,5.03,0.0,0,0.94,0.231,0
0,0,0,3.27,0.035,0,0.95,0.286,0
9,4,2,420.2,0.774,0,8.22,0.956,1
1,0,0,5.2,0.003,0,1.49,0.392,0
0,1,0,8.61,0.012,0,0.63,0.381,0
0,0,0,9.4,0.015,0,1.11,0.113,0
6,7,3,400.51,0.592,0,6.15,0.962,1
0,0,0,26.75,0.033,0,0.61,0.119,0
7,3,0,316.01,0.704,1,9.89,0.627,1
0,2,0,12.78,0.03,0,0.66,0.348,0
6,2,1,267.26,0.431,0,3.24,0.835,1
0,2,0,5.61,0.033,0,1.42,0.223,0
1,8,2,242.96,0.281,1,7.49,0.757,1
8,4,0,181.52,0.851,0,2.57,0.885,1
0,0,0,9.82,0.038,0,0.15,0.219,0
8,2,1,174.97,0.169,1,5.11,0.954,1
10,4,3,160.81,0.78,0,8.08,0.67,1
4,5,2,468.11,0.574,0,9.04,0.718,1
0,0,0,38.78,0.037,0,0.98,0.351,0
0,1,0,15.07,0.031,0,0.53,0.357,0
0,2,0,15.93,0.021,0,0.51,0.143,0
6,3,0,463.58,0.284,0,8.31,0.635,1
5,3,2,384.08,0.869,1,9.17,0.855,1
9,8,0,206.97,0.148,1,4.75,0.949,1
0,2,0,8.16,0.043,0,1.01,0.237,0
0,2,0,31.27,0.028,0,0.69,0.348,0
1,2,0,227.51,0.422,0,7.16,0.986,1
9,7,3,221.58,0.57,0,2.27,0.928,1
0,0,0,38.63,0.019,1,1.43,0.37,0
0,2,0,11.92,0.042,0,0.21,0.119,0
0,0,0,24.14,0.025,1,1.29,0.2,0
6,7,2,431.15,0.447,0,2.49,0.602,1
6,5,1,70.93,0.361,1,9.34,0.516,1
8,4,2,432.02,0.59,1,9.07,0.675,1
9,4,2,273.34,0.585,0,9.12,0.795,1
0,0,0,18.95,0.013,1,1.14,0.37,0
2,8,2,336.92,0.823,0,5.41,0.883,1
2,8,0,92.23,0.323,1,4.44,0.512,1
0,2,0,36.82,0.031,0,0.41,0.172,0
5,3,0,144.38,0.502,1,9.94,0.63,1
0,1,0,38.03,0.006,0,0.92,0.117,0
0,1,0,18.12,0.025,0,0.78,0.373,0
2,8,2,220.23,0.729,0,2.33,0.742,1
0,0,0,10.32,0.043,0,0.15,0.279,0
3,7,3,437.79,0.767,1,7.21,0.688,1
6,4,0,366.98,0.118,1,3.88,0.632,1
3,3,1,71.72,0.672,0,9.83,0.968,1
0,1,0,26.73,0.032,0,1.3,0.306,0
7,6,2,169.31,0.479,1,2.64,0.552,1
0,2,0,18.6,0.003,0,0.42,0.228,0
9,3,3,234.04,0.412,0,9.41,0.768,1
0,2,0,14.71,0.03,0,0.18,0.215,0
0,2,0,38.82,0.008,0,0.65,0.208,0
0,0,0,8.49,0.041,1,1.25,0.262,0
6,6,1,163.68,0.688,1,4.3,0.51,1
2,7,2,409.19,0.175,0,9.49,0.526,1
5,6,2,416.82,0.8,0,7.33,0.82,1
6,6,0,383.03,0.681,1,9.95,0.839,1
0,0,0,37.4,0.039,0,0.61,0.344,0
0,1,0,29.88,0.029,0,0.66,0.168,0
0,1,0,10.02,0.013,0,1.21,0.129,0
0,1,0,23.2,0.012,1,0.71,0.195,0
3,5,1,476.36,0.519,0,4.18,0.808,1
0,2,0,11.82,0.024,0,0.87,0.117,0
8,6,1,173.3,0.678,0,3.18,0.698,1
5,7,2,119.31,0.211,0,7.36,0.909,1
8,8,0,402.3,0.438,0,8.64,0.642,1
6,3,0,448.72,0.7,0,7.11,0.904,1
0,0,0,36.11,0.03,0,1.44,0.17,0
0,1,0,16.67,0.003,0,0.13,0.283,0
0,0,0,36.26,0.028,0,1.35,0.198,0
4,5,2,444.01,0.829,1,7.73,0.552,1
7,8,0,188.71,0.181,0,7.37,0.545,1
10,8,1,305.09,0.858,1,2.82,0.715,1
0,1,0,7.08,0.017,0,0.11,0.347,0
0,1,0,33.23,0.047,0,1.4,0.196,0
0,0,0,5.45,0.02,0,0.91,0.109,0
0,1,0,1.47,0.006,0,0.27,0.235,0
0,2,0,22.0,0.026,0,1.04,0.369,0
0,1,0,15.04,0.011,0,0.72,0.342,0
0,1,0,29.05,0.047,0,1.15,0.197,0
1,7,3,264.34,0.203,0,4.09,0.561,1
0,0,0,24.46,0.016,0,0.45,0.218,0
8,8,1,319.62,0.679,1,7.11,0.751,1
0,2,0,35.4,0.03,0,1.31,0.147,0
0,0,0,4.67,0.008,0,0.52,0.377,0
6,3,2,326.34,0.706,1,2.1,0.991,1
0,1,0,35.28,0.043,0,1.46,0.256,0
5,8,0,345.07,0.372,0,6.56,0.863,1
0,2,0,11.04,0.046,1,0.7,0.372,0
8,4,2,239.35,0.675,0,7.03,0.961,1
5,2,1,368.35,0.843,1,3.43,0.659,1
9,2,2,355.98,0.81,0,3.78,0.862,1
0,0,0,23.1,0.012,0,1.45,0.229,0
4,6,2,389.48,0.142,1,5.13,0.857,1
6,2,0,240.08,0.385,0,3.36,0.66,1
10,2,1,482.99,0.8,0,8.29,0.502,1
0,2,0,16.79,0.048,0,0.26,0.379,0
7,3,0,231.17,0.649,0,6.53,0.978,1
0,2,0,13.99,0.006,0,0.88,0.367,0
1,6,2,359.17,0.389,1,5.37,0.794,1
5,2,1,197.71,0.538,0,5.62,0.51,1
0,2,0,22.59,0.02,0,0.32,0.293,0
0,1,0,16.73,0.024,0,1.33,0.117,0
2,2,2,393.79,0.48,1,2.87,0.74,1
2,8,2,386.01,0.253,1,5.76,0.877,1
10,6,1,200.17,0.227,0,3.34,0.841,1
9,3,1,398.46,0.157,1,7.42,0.713,1
0,2,0,32.3,0.02,0,0.42,0.304,0
8,8,3,262.67,0.309,0,6.29,0.54,1
0,2,0,4.16,0.015,1,0.82,0.312,0
5,4,3,218.32,0.154,1,9.87,0.689,1
7,8,0,419.8,0.344,1,6.25,0.757,1
8,2,0,377.87,0.402,0,9.68,0.664,1
0,1,0,2.05,0.043,1,1.32,0.242,0
10,2,2,75.14,0.177,1,6.6,0.639,1
5,8,0,187.38,0.401,0,9.64,0.723,1
0,2,0,10.56,0.036,0,1.13,0.394,0
0,2,0,32.47,0.047,0,1.17,0.15,0
0,2,0,11.7,0.008,0,1.19,0.326,0
0,2,0,35.54,0.037,1,1.48,0.391,0
0,2,0,31.23,0.009,0,1.34,0.294,0
9,6,2,273.87,0.821,1,2.0,0.89,1
8,7,2,405.59,0.402,0,6.34,0.917,1
0,0,0,18.81,0.019,0,0.52,0.286,0
7,8,3,245.96,0.38,1,3.0,0.766,1
4,8,3,229.3,0.718,1,2.29,0.786,1
7,8,2,338.03,0.265,1,3.97,0.696,1
0,1,0,22.73,0.012,0,0.2,0.291,0
1,6,2,374.5,0.474,0,7.42,0.651,1
2,3,3,280.57,0.68,1,9.13,0.679,1
6,4,0,245.92,0.719,1,7.27,0.979,1
0,2,0,22.67,0.023,1,1.2,0.215,0
0,2,0,11.51,0.008,0,0.23,0.259,0
10,4,3,64.82,0.669,0,2.01,0.56,1
8,5,1,485.97,0.521,1,8.2,0.507,1
8,7,1,101.49,0.299,1,8.95,0.731,1
0,0,0,35.38,0.023,0,1.0,0.278,0
0,1,0,1.56,0.031,0,1.09,0.113,0
7,7,2,216.29,0.797,0,4.09,0.72,1
2,4,3,217.17,0.851,0,2.82,0.505,1
0,0,0,14.82,0.034,0,0.7,0.347,0
0,2,0,13.01,0.03,0,0.76,0.279,0
0,2,0,21.03,0.022,0,0.68,0.152,0
0,0,0,5.23,0.034,0,0.99,0.221,0
4,8,3,312.99,0.469,0,3.65,0.771,1
0,1,0,36.39,0.022,0,0.96,0.359,0
4,8,0,143.23,0.426,1,7.69,0.696,1
0,0,0,14.28,0.022,0,1.32,0.205,0
0,0,0,4.46,0.023,0,0.44,0.191,0
1,0,0,24.89,0.033,0,0.77,0.279,0
0,2,0,39.05,0.018,0,0.8,0.324,0
7,8,2,371.23,0.13,0,5.72,0.665,1
2,4,0,451.43,0.597,1,9.64,0.835,1
7,3,1,186.52,0.604,1,7.13,0.638,1
3,2,0,411.98,0.163,1,5.6,0.64,1
2,3,0,345.22,0.548,1,8.88,0.627,1
0,1,0,34.4,0.044,0,0.83,0.178,0
0,0,0,1.8,0.027,0,1.13,0.154,0
0,1,0,14.53,0.014,0,0.24,0.241,0
3,6,1,230.36,0.437,1,9.27,0.6,1
0,0,0,35.36,0.047,0,0.59,0.355,0
0,0,0,25.69,0.036,0,1.03,0.153,0
0,0,0,34.99,0.023,1,0.28,0.263,0
0,1,0,14.15,0.027,0,1.44,0.339,0
4,6,1,389.66,0.302,0,2.68,0.522,1
0,1,0,14.92,0.032,0,1.17,0.221,0
0,2,0,3.08,0.029,0,0.63,0.289,0
0,2,0,12.81,0.011,0,0.41,0.379,0
4,8,2,223.65,0.25,0,2.71,0.985,1
2,3,1,274.49,0.545,1,8.11,0.988,1
0,1,0,14.78,0.001,0,0.96,0.297,0
0,2,0,22.2,0.047,0,0.59,0.283,0
5,2,3,496.91,0.265,1,4.71,0.757,1
9,2,1,322.29,0.738,1,9.57,0.773,1
0,2,0,37.92,0.013,0,0.21,0.235,0
0,0,0,34.55,0.001,0,0.45,0.137,0
5,7,3,230.49,0.122,1,4.44,0.746,1
0,2,0,12.11,0.03,0,1.15,0.339,0
10,4,0,55.74,0.672,0,6.51,0.894,1
0,1,0,38.43,0.015,0,0.37,0.324,0
3,4,1,240.44,0.306,1,9.36,0.688,1
6,6,2,369.35,0.116,1,9.56,0.695,1
0,0,0,4.77,0.039,0,1.35,0.107,0
10,4,0,195.81,0.284,1,6.03,0.654,1
7,2,1,124.15,0.349,1,4.8,0.993,1
0,0,0,39.38,0.011,0,0.7,0.357,0
9,6,1,172.22,0.571,0,3.08,0.65,1
2,3,3,413.58,0.19,0,2.13,0.604,1
5,3,3,310.46,0.753,1,8.94,0.774,1
0,1,0,12.84,0.009,0,0.63,0.299,0
0,0,0,24.42,0.016,0,0.87,0.192,0
0,1,0,10.13,0.047,0,1.11,0.378,0
0,2,0,28.02,0.032,0,0.96,0.266,0
0,0,0,31.33,0.018,0,1.48,0.267,0
0,1,0,15.71,0.023,0,0.18,0.136,0
0,0,0,14.38,0.02,0,1.28,0.354,0
0,0,0,14.31,0.027,0,1.12,0.297,0
0,2,0,19.52,0.024,0,0.4,0.143,0
0,0,0,17.32,0.038,0,1.47,0.187,0
0,0,0,19.47,0.042,0,0.35,0.372,0
5,6,0,172.03,0.778,0,3.63,0.667,1
2,6,1,411.28,0.262,0,7.89,0.632,1
0,1,0,5.78,0.011,0,0.59,0.18,0
0,2,0,15.69,0.014,0,0.3,0.302,0
1,1,0,11.08,0.018,0,1.17,0.19,0
0,1,0,6.01,0.011,0,0.4,0.189,0
10,8,1,153.55,0.19,1,8.64,0.807,1
0,2,0,7.61,0.031,0,0.5,0.22,0
4,7,1,236.7,0.87,0,7.54,0.568,1
2,4,3,447.71,0.252,0,4.93,0.92,1
3,2,0,433.92,0.772,1,5.76,0.954,1
0,1,0,29.82,0.02,0,0.28,0.122,0
6,4,2,132.92,0.538,1,7.93,0.731,1
5,5,1,392.83,0.313,0,8.99,0.513,1
6,2,0,109.22,0.488,1,6.55,0.638,1
0,2,0,11.75,0.005,0,0.58,0.159,0
5,6,1,277.6,0.19,0,6.17,0.863,1
0,1,0,27.49,0.018,0,1.26,0.107,0
8,8,0,208.28,0.53,1,4.5,0.509,1
0,0,0,24.23,0.043,0,1.17,0.289,0
10,6,2,490.14,0.882,1,9.92,0.662,1
9,2,1,414.34,0.318,1,5.82,0.927,1
0,0,0,5.11,0.043,1,0.16,0.151,0
6,6,2,79.45,0.436,0,4.34,0.661,1
0,1,0,9.42,0.032,0,0.53,0.208,0
10,6,2,376.43,0.331,1,6.23,0.821,1
2,3,1,108.35,0.898,0,3.87,0.501,1
0,2,0,39.98,0.041,0,0.65,0.138,0
6,3,2,143.55,0.492,1,7.87,0.848,1
0,2,0,16.01,0.048,0,0.71,0.255,0
6,3,3,127.57,0.257,0,5.84,0.724,1
0,2,0,20.62,0.014,0,0.52,0.196,0
0,1,0,14.13,0.018,0,0.4,0.19,0
1,4,2,220.06,0.624,1,9.89,0.887,1
9,3,1,67.33,0.556,1,7.1,0.575,1
0,2,0,26.2,0.044,0,1.25,0.115,0
5,4,0,239.67,0.23,1,4.99,0.623,1
4,6,3,486.69,0.439,1,7.72,0.733,1
8,8,2,119.0,0.124,1,5.42,0.521,1
5,6,1,316.58,0.631,1,8.15,0.946,1
6,5,1,452.23,0.734,1,8.47,0.948,1
1,2,0,195.51,0.107,1,4.07,0.837,1
3,7,2,190.29,0.502,0,7.69,0.785,1
0,2,0,9.74,0.035,0,0.81,0.308,0
0,0,0,6.96,0.048,0,0.11,0.106,0
0,0,0,38.32,0.016,0,0.51,0.119,0
0,2,0,2.0,0.003,0,1.16,0.326,0
8,4,3,229.75,0.617,1,8.93,0.791,1
0,0,0,30.54,0.039,0,0.41,0.134,0
10,4,2,198.23,0.529,0,6.87,0.709,1
5,7,0,240.76,0.61,1,9.6,0.905,1
0,2,0,25.38,0.033,0,1.05,0.378,0
0,0,0,1.26,0.005,1,0.11,0.347,0
0,2,0,21.12,0.012,0,1.03,0.386,0
0,1,0,7.74,0.027,0,0.2,0.168,0
0,1,0,16.12,0.01,0,1.26,0.296,0
7,3,1,332.02,0.816,1,7.56,0.702,1
10,4,2,378.41,0.395,0,9.93,0.691,1
7,8,2,170.54,0.744,1,4.91,0.812,1
0,2,0,39.01,0.01,0,0.39,0.227,0
3,7,1,122.1,0.378,1,6.2,0.531,1
4,3,0,375.5,0.245,1,4.1,0.577,1
2,2,2,394.02,0.709,1,4.41,0.844,1
0,2,0,34.1,0.036,1,1.2,0.272,0
8,2,0,377.29,0.636,1,6.47,0.587,1
2,4,0,286.0,0.298,0,2.33,0.788,1
1,1,0,30.76,0.031,0,1.18,0.298,0
1,2,0,29.31,0.027,0,0.13,0.111,0
0,0,0,14.29,0.048,0,0.51,0.209,0
9,6,3,295.59,0.699,0,5.11,0.582,1
0,1,0,39.49,0.048,0,0.6,0.294,0
0,0,0,33.44,0.022,0,0.7,0.383,0
0,2,0,33.38,0.011,0,1.14,0.314,0
9,7,2,431.33,0.764,1,2.34,0.604,1
5,2,2,180.14,0.745,0,6.14,0.944,1
0,0,0,28.58,0.027,0,0.22,0.137,0
6,2,2,432.3,0.824,0,5.3,0.52,1
0,2,0,33.99,0.048,1,0.46,0.319,0
10,2,1,123.54,0.516,1,4.13,0.67,1
5,4,0,192.82,0.388,0,4.51,0.797,1
2,4,3,305.79,0.863,0,9.39,0.692,1
2,2,2,103.26,0.414,0,6.74,0.684,1
4,6,2,311.37,0.382,1,2.79,0.805,1
0,2,0,29.0,0.019,0,1.24,0.245,0
10,6,2,440.55,0.179,1,3.61,0.754,1
5,4,1,457.02,0.366,1,2.69,0.85,1
1,2,0,165.76,0.385,0,7.96,0.749,1
0,0,0,16.71,0.006,1,1.08,0.255,0
0,1,0,26.46,0.03,0,0.59,0.18,0
2,3,0,256.78,0.448,0,3.64,0.909,1
4,5,1,337.58,0.887,1,3.51,0.672,1
0,0,0,38.68,0.019,0,0.36,0.395,0
10,4,3,451.54,0.516,1,9.53,0.882,1
0,1,0,30.25,0.018,0,0.23,0.243,0
5,3,1,341.71,0.62,0,5.83,0.817,1
0,2,0,12.21,0.033,0,0.37,0.338,0
0,2,0,24.12,0.036,0,0.31,0.114,0
4,7,1,124.72,0.491,0,3.41,0.947,1
0,0,0,39.18,0.004,0,1.44,0.329,0
3,8,0,189.69,0.204,0,5.23,0.616,1
0,2,0,27.95,0.024,0,0.33,0.234,0
0,1,0,35.73,0.021,0,0.8,0.306,0
0,0,0,5.71,0.01,0,1.04,0.348,0
9,6,1,269.95,0.352,1,8.28,0.983,1
1,7,0,262.69,0.563,1,7.88,0.632,1
5,6,2,387.51,0.641,0,6.62,0.548,1
3,6,0,192.98,0.48,1,5.72,0.957,1
5,2,3,220.41,0.16,1,7.93,0.921,1
10,7,3,276.93,0.103,0,8.89,0.679,1
1,3,1,90.16,0.683,1,8.0,0.753,1
8,5,2,142.89,0.794,1,6.8,0.962,1
7,3,1,134.63,0.866,1,7.76,0.752,1
0,1,0,18.97,0.03,0,1.43,0.375,0
0,0,0,22.55,0.002,0,1.31,0.11,0
0,0,0,8.53,0.013,0,0.92,0.142,0
0,2,0,34.53,0.02,0,0.56,0.108,0
0,2,0,32.9,0.021,0,0.88,0.183,0
0,2,0,8.68,0.049,0,0.18,0.108,0
6,6,1,276.39,0.27,1,2.12,0.823,1
0,0,0,21.47,0.015,0,0.92,0.179,0
4,8,0,400.0,0.24,1,9.46,0.537,1
0,0,0,34.95,0.031,0,0.64,0.272,0
0,0,0,31.07,0.021,0,0.2,0.121,0
0,1,0,3.21,0.019,0,1.12,0.167,0
0,0,0,25.03,0.008,0,0.18,0.22,0
6,5,3,138.85,0.62,0,3.74,0.892,1
0,2,0,14.97,0.0,0,0.57,0.377,0
5,8,3,282.65,0.51,0,8.95,0.592,1
7,4,3,193.91,0.348,1,2.15,0.942,1
7,2,1,391.43,0.875,1,2.97,0.847,1
0,2,0,9.95,0.018,0,0.4,0.214,0
0,1,0,8.3,0.001,0,0.3,0.348,0
0,2,0,21.32,0.037,0,1.47,0.217,0
0,0,0,24.95,0.011,0,0.3,0.355,0
0,1,0,39.65,0.039,0,1.01,0.373,0
0,0,0,22.41,0.011,0,1.17,0.323,0
0,0,0,28.87,0.034,0,0.6,0.293,0
0,1,0,14.53,0.042,0,0.9,0.302,0
7,5,0,300.76,0.532,1,8.56,0.667,1
10,6,2,413.33,0.676,0,3.23,0.915,1
0,2,0,20.26,0.045,0,1.08,0.192,0
0,2,0,19.23,0.024,0,0.46,0.142,0
0,1,0,28.82,0.019,0,0.22,0.194,0
5,6,1,416.37,0.375,1,5.4,0.591,1
0,1,0,34.76,0.034,1,0.13,0.11,0
7,8,3,76.1,0.331,0,8.62,0.864,1
7,4,0,478.74,0.343,1,4.43,0.527,1
10,8,2,172.85,0.452,1,9.16,0.805,1
0,0,0,16.69,0.01,0,0.43,0.132,0
0,0,0,31.94,0.026,0,1.26,0.385,0
9,8,2,320.88,0.651,0,6.4,0.948,1
7,7,1,395.15,0.603,0,6.72,0.5,1
3,6,3,118.94,0.719,1,3.39,0.569,1
8,7,3,330.81,0.681,1,4.13,0.947,1
0,1,0,1.54,0.032,0,1.31,0.263,0
0,2,0,37.87,0.03,0,0.24,0.194,0
6,3,3,372.46,0.6,0,7.93,0.796,1
8,5,3,235.14,0.366,1,2.72,0.708,1
0,0,0,13.55,0.006,0,0.79,0.218,0
0,2,0,4.31,0.039,0,0.56,0.137,0
6,3,1,277.47,0.507,1,6.82,0.99,1
0,0,0,32.17,0.009,1,0.76,0.296,0
0,1,0,34.15,0.038,0,1.36,0.152,0
5,7,3,160.15,0.515,1,5.39,0.574,1
0,1,0,25.98,0.033,0,1.05,0.349,0
6,3,1,467.27,0.692,0,2.03,0.59,1
7,5,0,277.88,0.325,1,7.78,0.548,1
0,0,0,17.07,0.029,0,0.59,0.164,0
5,8,1,320.07,0.322,1,4.43,0.569,1
10,5,0,353.55,0.633,1,7.26,0.958,1
0,1,0,5.24,0.03,0,1.42,0.151,0
6,7,0,204.62,0.245,1,4.76,0.912,1
0,1,0,31.28,0.019,1,1.17,0.127,0
7,2,0,74.47,0.851,1,9.4,0.728,1
0,1,0,32.57,0.003,0,1.04,0.285,0
5,5,2,196.26,0.31,0,4.02,0.924,1
10,2,3,261.73,0.174,1,9.63,0.701,1
6,7,2,254.55,0.75,0,9.19,0.576,1
1,2,0,29.4,0.0,0,0.77,0.336,0
0,0,0,22.09,0.02,0,1.07,0.311,0
0,1,0,20.52,0.018,0,0.9,0.362,0
0,1,0,5.62,0.015,0,0.36,0.312,0
1,2,0,31.78,0.039,0,1.12,0.175,0
0,2,0,17.59,0.05,0,0.14,0.292,0
2,2,1,223.02,0.539,0,6.08,0.706,1
5,4,0,404.81,0.542,0,5.27,0.675,1
7,6,0,265.85,0.672,1,8.75,0.549,1
9,2,2,392.95,0.761,1,6.54,0.561,1
8,4,2,342.71,0.767,1,3.65,0.868,1
7,2,3,313.74,0.624,1,7.06,0.813,1
0,1,0,33.14,0.005,0,0.38,0.254,0
7,4,2,102.29,0.678,1,4.53,0.613,1
8,7,3,336.74,0.641,0,5.32,0.5,1
0,2,0,28.22,0.041,0,0.91,0.327,0
0,2,0,11.28,0.048,0,0.9,0.195,0
0,0,0,21.37,0.011,0,0.8,0.285,0
1,1,0,27.42,0.041,0,0.71,0.379,0
0,2,0,28.09,0.038,0,1.42,0.351,0
0,2,0,6.1,0.021,0,1.08,0.311,0
7,6,0,450.82,0.789,1,3.85,0.572,1
5,8,3,411.85,0.498,0,4.4,0.653,1
9,7,1,377.91,0.192,1,3.24,0.838,1
0,2,0,9.05,0.024,0,1.22,0.374,0
0,2,0,35.73,0.002,0,0.21,0.177,0
2,3,0,433.72,0.65,1,2.14,0.737,1
1,3,2,367.75,0.281,0,5.49,0.902,1
0,0,0,12.7,0.049,0,0.21,0.315,0
0,2,0,10.41,0.022,0,0.39,0.397,0
0,0,0,22.87,0.023,0,1.18,0.145,0
0,2,0,8.94,0.033,0,0.19,0.19,0
5,4,1,497.46,0.798,1,8.87,0.665,1
0,0,0,15.89,0.005,0,0.65,0.126,0
3,5,2,475.14,0.198,0,3.91,0.756,1
8,3,3,335.06,0.307,1,5.53,0.682,1
6,3,1,254.94,0.442,0,3.6,0.854,1
0,1,0,14.73,0.017,1,0.71,0.354,0
0,2,0,30.55,0.045,0,0.43,0.373,0
0,0,0,1.83,0.034,0,0.78,0.298,0
8,4,3,96.93,0.472,0,4.03,0.991,1
0,1,0,12.2,0.003,0,1.08,0.175,0
0,1,0,14.06,0.021,0,0.73,0.305,0
10,8,3,169.22,0.52,0,2.71,0.746,1
0,0,0,9.7,0.014,0,0.45,0.315,0
6,8,0,473.83,0.738,0,6.81,0.725,1
6,7,3,293.36,0.53,0,2.57,0.56,1
0,0,0,10.6,0.009,1,0.81,0.161,0
4,6,2,445.12,0.637,1,2.94,0.53,1
0,0,0,5.1,0.03,0,0.24,0.225,0
7,4,3,170.02,0.234,1,3.05,0.532,1
10,5,2,278.31,0.234,1,8.13,0.993,1
0,2,0,33.33,0.034,0,0.69,0.286,0
8,8,1,343.13,0.494,0,7.97,0.551,1
1,4,3,210.96,0.806,0,7.91,0.766,1
0,2,0,39.7,0.011,0,0.55,0.371,0
0,2,0,9.36,0.016,0,1.47,0.217,0
5,8,1,411.02,0.642,0,6.43,0.95,1
10,7,3,448.44,0.133,1,5.86,0.969,1
4,2,3,199.79,0.118,1,5.07,0.751,1
0,2,0,8.04,0.036,0,1.24,0.358,0
0,2,0,7.68,0.012,1,0.2,0.11,0
0,1,0,7.75,0.007,0,1.45,0.388,0
6,3,1,84.48,0.474,1,7.13,0.858,1
0,2,0,18.37,0.038,0,0.36,0.132,0
4,4,0,125.59,0.227,1,7.66,0.955,1
9,3,3,184.62,0.389,0,2.31,0.676,1
0,1,0,13.33,0.004,0,1.46,0.239,0
0,0,0,34.12,0.033,0,1.23,0.164,0
10,7,0,434.42,0.79,0,6.81,0.851,1
3,2,0,88.03,0.508,1,2.77,0.788,1
1,6,2,55.56,0.272,1,6.69,0.991,1
0,1,0,9.5,0.024,0,1.48,0.325,0
8,2,2,389.2,0.149,1,3.83,0.575,1
1,1,0,29.07,0.031,0,0.58,0.245,0
0,1,0,31.43,0.006,0,1.1,0.35,0
2,5,0,376.95,0.555,0,8.71,0.683,1
0,1,0,29.19,0.003,0,0.97,0.37,0
3,7,3,145.96,0.202,0,8.22,0.837,1
0,2,0,14.88,0.048,0,0.29,0.207,0
10,5,3,159.49,0.184,0,7.96,0.815,1
0,0,0,1.24,0.046,0,1.27,0.287,0
0,0,0,3.08,0.039,0,0.76,0.281,0
2,6,0,463.73,0.783,1,4.48,0.735,1
1,5,3,74.23,0.421,0,8.83,0.583,1
2,6,1,429.22,0.811,0,2.77,0.599,1
0,1,0,14.5,0.049,0,0.72,0.12,0
0,2,0,18.56,0.024,0,1.08,0.256,0
6,3,3,80.69,0.106,1,2.9,0.581,1
0,2,0,14.88,0.018,0,0.33,0.231,0
0,2,0,38.15,0.038,0,1.39,0.299,0
7,4,3,315.12,0.143,0,2.1,0.646,1
4,5,2,304.81,0.442,0,4.87,0.815,1
7,2,0,241.92,0.325,1,7.71,0.838,1
5,8,1,301.01,0.598,0,9.0,0.512,1
0,1,0,26.28,0.047,0,0.39,0.172,0
0,2,0,26.54,0.032,0,1.48,0.37,0
0,1,0,4.05,0.028,0,1.18,0.392,0
2,8,2,71.18,0.576,1,8.56,0.962,1
0,0,0,12.38,0.042,0,1.17,0.264,0
0,2,0,20.8,0.038,0,0.35,0.267,0
8,8,1,161.27,0.394,1,3.07,0.738,1
0,1,0,34.62,0.038,1,1.01,0.23,0
4,4,2,51.45,0.165,0,4.43,0.97,1
1,5,0,142.23,0.878,1,2.16,0.799,1
2,8,3,453.65,0.588,0,9.73,0.961,1
0,2,0,3.6,0.003,0,1.37,0.102,0
0,2,0,1.28,0.004,0,1.29,0.263,0
9,2,3,177.52,0.49,1,3.44,0.915,1
0,0,0,16.5,0.043,0,0.28,0.167,0
0,0,0,4.08,0.03,0,1.29,0.129,0
0,0,0,26.98,0.034,0,0.87,0.155,0
9,4,1,125.11,0.743,0,8.88,0.836,1
0,2,0,20.61,0.017,1,0.48,0.175,0
0,2,0,19.06,0.033,0,0.42,0.102,0
0,0,0,21.48,0.048,0,1.41,0.231,0
8,5,3,337.78,0.113,1,4.21,0.733,1
0,0,0,9.56,0.016,0,1.35,0.216,0
0,2,0,19.34,0.015,0,0.18,0.228,0
0,1,0,8.94,0.047,0,1.01,0.173,0
0,1,0,33.49,0.007,0,0.39,0.334,0
8,2,3,373.97,0.476,1,2.35,0.69,1
5,3,3,162.21,0.137,1,7.92,0.603,1
10,5,2,418.75,0.441,1,3.61,0.566,1
9,4,1,213.14,0.468,1,8.22,0.897,1
0,2,0,8.91,0.03,0,1.24,0.323,0
0,1,0,34.58,0.035,0,1.43,0.344,0
8,5,3,293.13,0.509,0,4.98,0.763,1
0,0,0,10.96,0.016,0,0.13,0.19,0
3,3,3,490.23,0.465,1,9.95,0.903,1
5,3,3,220.13,0.832,0,6.94,0.703,1
10,4,1,292.21,0.565,0,7.11,0.573,1
2,8,2,128.47,0.31,1,4.5,0.739,1
9,5,3,470.01,0.565,0,8.5,0.66,1
3,4,3,95.21,0.589,0,7.44,0.675,1
0,2,0,19.41,0.041,0,1.39,0.186,0
0,2,0,16.62,0.03,0,1.48,0.162,0
0,2,0,37.43,0.011,0,0.26,0.126,0
0,1,0,5.15,0.007,0,0.19,0.312,0
0,2,0,21.12,0.046,0,1.22,0.383,0
5,5,0,477.86,0.299,0,3.82,0.872,1
0,1,0,12.49,0.016,0,0.81,0.296,0
4,6,2,281.86,0.662,0,7.16,0.561,1
0,0,0,29.42,0.033,0,1.23,0.315,0
0,2,0,23.06,0.02,0,1.17,0.386,0
0,2,0,10.84,0.049,0,1.46,0.201,0
0,1,0,21.78,0.022,0,0.7,0.112,0
6,5,3,100.68,0.162,1,9.21,0.885,1
0,1,0,2.27,0.048,0,0.23,0.143,0
6,6,3,75.73,0.648,1,8.0,0.954,1
7,7,1,283.26,0.814,0,5.95,0.726,1
8,8,0,377.25,0.645,0,9.64,0.96,1
8,6,1,233.16,0.174,1,8.43,0.775,1
0,2,0,29.45,0.04,0,1.29,0.111,0
9,3,0,274.05,0.24,1,6.02,0.553,1
0,2,0,36.07,0.046,0,0.56,0.318,0
8,8,0,78.45,0.589,1,3.05,0.501,1
5,6,0,87.19,0.773,0,2.03,0.655,1
0,0,0,37.81,0.033,0,0.56,0.116,0
10,5,2,304.39,0.519,1,9.79,0.745,1
0,1,0,8.94,0.033,1,0.65,0.235,0
1,3,0,119.5,0.553,0,8.41,0.526,1
4,6,3,177.44,0.328,1,9.43,0.723,1
0,1,0,32.07,0.03,0,0.14,0.336,0
0,2,0,32.77,0.05,0,0.27,0.379,0
3,5,1,351.24,0.806,1,2.6,0.852,1
0,0,0,13.84,0.022,0,1.11,0.173,0
6,7,3,180.83,0.816,1,2.84,0.544,1
0,1,0,5.62,0.005,1,1.15,0.321,0
0,2,0,23.92,0.018,0,0.84,0.294,0
1,4,2,269.96,0.626,1,4.98,0.992,1
0,0,0,28.38,0.045,0,0.23,0.323,0
7,3,1,219.0,0.793,0,7.57,0.998,1
1,0,0,34.71,0.008,0,0.69,0.312,0
6,2,0,380.23,0.432,0,6.05,0.682,1
0,0,0,14.76,0.039,0,1.49,0.226,0
0,2,0,13.33,0.044,0,0.9,0.15,0
8,4,0,389.64,0.181,1,9.94,0.675,1
0,0,0,16.96,0.005,0,0.88,0.134,0
0,0,0,3.8,0.002,0,1.19,0.332,0
0,2,0,27.86,0.02,0,0.2,0.39,0
1,6,2,281.79,0.496,0,7.84,0.625,1
0,0,0,38.13,0.021,1,0.97,0.18,0
7,5,0,130.22,0.211,0,8.41,0.619,1
4,5,3,250.06,0.494,1,4.66,0.69,1
8,2,1,364.91,0.28,0,5.92,0.91,1
0,1,0,32.17,0.035,0,0.37,0.199,0
0,0,0,8.61,0.005,0,0.33,0.357,0
4,4,1,154.83,0.377,1,6.28,0.598,1
7,2,0,267.78,0.74,0,2.81,0.806,1
0,1,0,18.19,0.026,0,0.73,0.315,0
6,2,3,374.34,0.895,0,9.06,0.975,1
4,5,1,334.7,0.325,0,8.68,0.507,1
5,4,2,80.51,0.523,0,2.25,0.917,1
4,8,1,249.01,0.456,0,4.31,0.645,1
8,2,2,318.18,0.169,0,7.97,0.766,1
0,0,0,4.03,0.001,1,0.95,0.148,0
0,1,0,28.34,0.031,0,0.25,0.149,0
9,5,2,218.05,0.47,1,6.21,0.661,1
2,4,2,181.46,0.231,0,3.64,0.534,1
7,8,3,303.74,0.103,1,5.88,0.653,1
1,4,2,53.29,0.85,1,4.69,0.628,1
0,2,0,30.4,0.047,0,0.39,0.167,0
2,2,3,453.23,0.658,0,6.33,0.649,1
4,2,2,449.99,0.599,0,8.37,0.525,1
0,2,0,35.28,0.01,1,1.46,0.17,0
10,5,2,317.97,0.753,1,6.29,0.565,1
0,2,0,6.82,0.046,0,0.5,0.143,0
10,2,3,472.2,0.801,1,8.18,0.749,1
0,2,0,29.13,0.033,0,0.43,0.301,0
4,2,1,251.78,0.506,0,4.48,0.553,1
3,3,2,462.44,0.635,0,2.98,0.589,1
0,0,0,20.99,0.016,0,0.17,0.285,0
4,5,3,407.88,0.634,1,3.3,0.717,1
1,7,1,102.91,0.521,1,8.33,0.818,1
7,4,0,422.95,0.395,0,8.44,0.977,1
2,5,2,473.19,0.373,1,7.6,0.933,1
0,2,0,23.15,0.021,0,1.29,0.105,0
0,0,0,15.09,0.016,0,0.85,0.124,0
0,2,0,5.65,0.017,0,1.07,0.321,0
0,2,0,23.41,0.016,0,1.45,0.146,0
0,0,0,26.32,0.041,0,0.57,0.355,0
2,4,3,393.37,0.152,1,3.47,0.587,1
3,3,2,123.0,0.635,1,3.22,0.71,1
0,2,0,34.76,0.012,0,0.4,0.383,0
0,0,0,8.55,0.049,0,0.81,0.133,0
3,5,1,318.49,0.224,1,5.9,0.784,1
9,3,1,190.34,0.402,0,9.81,0.867,1
0,2,0,1.49,0.04,0,0.26,0.352,0
3,4,2,308.67,0.613,1,9.82,0.695,1
7,3,0,268.64,0.346,1,2.3,0.506,1
0,1,0,15.44,0.031,0,1.09,0.148,0
9,5,1,297.72,0.401,1,9.92,0.722,1
9,4,1,217.89,0.734,0,9.78,0.946,1
0,0,0,1.44,0.041,0,0.33,0.228,0
0,2,0,11.31,0.004,0,1.4,0.234,0
0,0,0,9.65,0.046,0,1.16,0.121,0
0,1,0,4.44,0.016,0,0.43,0.141,0
0,0,0,20.49,0.011,0,0.36,0.167,0
10,8,2,321.89,0.86,0,6.05,0.825,1
0,0,0,9.67,0.003,0,0.63,0.162,0
1,0,0,17.73,0.012,0,0.63,0.206,0
2,5,2,89.75,0.719,1,4.41,0.644,1
0,0,0,27.55,0.016,0,0.57,0.197,0
0,2,0,3.02,0.03,0,1.34,0.327,0
5,5,3,94.26,0.857,0,5.5,0.97,1
10,8,1,206.68,0.62,1,9.74,0.946,1
0,0,0,23.04,0.04,0,0.5,0.365,0
10,6,0,327.4,0.148,1,9.14,0.616,1
0,1,0,14.55,0.045,0,0.37,0.192,0
0,0,0,24.19,0.015,0,0.57,0.186,0
0,2,0,4.6,0.017,0,0.76,0.399,0
0,2,0,23.01,0.049,0,0.7,0.165,0
7,7,0,471.88,0.648,1,7.31,0.857,1
0,0,0,5.66,0.044,0,1.27,0.287,0
3,6,3,272.56,0.458,1,7.62,0.911,1
9,7,1,391.77,0.542,1,5.97,0.557,1
0,0,0,11.09,0.002,1,0.2,0.339,0
0,0,0,10.29,0.009,0,1.34,0.289,0
0,2,0,11.33,0.015,0,1.02,0.102,0
0,2,0,7.33,0.004,0,0.62,0.375,0
1,2,0,9.48,0.009,0,0.42,0.194,0
9,2,3,259.41,0.344,1,9.53,0.547,1
8,7,1,391.14,0.812,1,6.67,0.649,1
0,1,0,27.31,0.029,0,0.78,0.377,0
7,6,0,411.34,0.81,1,5.67,0.59,1
0,1,0,2.94,0.036,0,0.24,0.38,0
0,1,0,36.25,0.025,0,0.39,0.172,0
0,2,0,16.22,0.006,0,0.85,0.256,0
0,1,0,28.24,0.042,0,0.87,0.285,0
8,3,1,196.09,0.345,1,8.71,0.866,1
0,0,0,23.38,0.019,1,1.33,0.372,0
0,2,0,11.18,0.017,0,0.58,0.119,0
10,6,2,427.11,0.237,1,8.98,0.93,1
2,2,0,322.76,0.838,0,9.49,0.664,1
0,0,0,28.84,0.014,0,0.68,0.168,0
0,1,0,10.16,0.006,0,0.75,0.146,0
0,1,0,38.63,0.021,0,1.48,0.392,0
3,7,2,187.36,0.856,0,3.67,0.619,1
2,7,3,425.19,0.168,1,7.39,0.895,1
0,1,0,18.0,0.022,0,0.34,0.208,0
1,6,1,382.68,0.369,1,4.68,0.621,1
8,3,3,290.04,0.292,0,3.54,0.985,1
0,0,0,33.43,0.048,0,0.13,0.167,0
1,4,1,113.64,0.117,1,6.05,0.606,1
3,8,3,308.96,0.333,1,7.02,0.501,1
7,3,0,388.29,0.259,1,3.3,0.55,1
1,5,3,159.12,0.342,0,6.7,0.763,1
0,2,0,9.33,0.004,0,1.44,0.272,0
0,2,0,27.25,0.023,0,0.54,0.321,0
1,5,2,70.86,0.691,1,3.91,0.926,1
6,3,3,435.44,0.414,1,3.12,0.919,1
0,0,0,28.16,0.007,0,1.05,0.292,0
9,6,3,262.77,0.827,0,4.42,0.528,1
0,0,0,33.11,0.026,0,0.78,0.224,0
0,0,0,27.11,0.004,0,0.18,0.257,0
0,0,0,12.52,0.044,0,0.16,0.333,0
1,2,0,37.9,0.023,0,1.31,0.205,0
7,6,3,144.01,0.893,1,3.42,0.643,1
10,3,1,186.9,0.523,1,4.89,0.942,1
0,0,0,6.08,0.044,0,0.82,0.152,0
0,2,0,34.07,0.044,0,0.73,0.212,0
0,2,0,27.76,0.0,0,0.51,0.333,0
0,1,0,29.44,0.012,0,1.45,0.219,0
0,1,0,18.56,0.044,1,0.57,0.242,0
1,5,2,85.43,0.847,0,5.6,0.865,1
2,6,1,185.28,0.169,1,2.34,0.577,1
0,1,0,33.05,0.007,1,0.37,0.24,0
3,8,3,384.39,0.818,1,3.81,0.849,1
0,1,0,6.61,0.041,0,0.64,0.106,0
0,1,0,15.59,0.022,0,1.29,0.395,0
5,6,1,345.71,0.6,1,7.92,0.894,1
9,3,1,413.72,0.783,0,4.34,0.726,1
1,2,3,329.51,0.568,1,2.34,0.937,1
8,6,1,85.12,0.527,1,9.45,0.822,1
8,6,1,155.33,0.525,0,4.17,0.766,1
0,0,0,34.06,0.034,0,0.43,0.222,0
4,4,1,265.02,0.78,0,8.36,0.906,1
9,2,2,205.01,0.17,1,5.97,0.982,1
6,3,1,357.93,0.883,1,5.23,0.566,1
0,0,0,33.21,0.043,0,1.06,0.111,0
0,1,0,9.18,0.037,0,0.78,0.134,0
6,3,2,468.35,0.838,0,2.56,0.765,1
0,0,0,28.03,0.022,0,0.79,0.129,0
0,2,0,24.63,0.027,0,0.45,0.335,0
7,6,2,331.65,0.306,0,7.71,0.58,1
0,0,0,27.88,0.008,0,0.86,0.342,0
0,2,0,32.58,0.023,0,0.31,0.159,0
0,0,0,25.68,0.018,0,1.35,0.162,0
10,2,3,266.17,0.19,1,9.96,0.86,1
0,1,0,9.91,0.039,0,0.3,0.155,0
0,2,0,35.42,0.035,0,0.61,0.339,0
0,1,0,10.42,0.003,1,0.55,0.134,0
10,5,3,370.34,0.638,1,3.27,0.508,1
4,2,0,163.67,0.79,0,5.04,0.719,1
2,5,3,327.33,0.493,1,6.27,0.864,1
4,3,2,278.31,0.301,1,8.66,0.549,1
0,1,0,27.88,0.041,0,1.12,0.253,0
0,2,0,10.46,0.033,0,1.16,0.295,0
8,7,1,306.86,0.41,1,7.0,0.882,1
0,1,0,11.53,0.008,0,1.43,0.208,0
0,2,0,26.9,0.005,0,1.14,0.21,0
0,1,0,18.53,0.024,0,0.91,0.244,0
4,5,0,103.32,0.37,0,9.2,0.749,1
0,0,0,4.83,0.034,0,0.71,0.343,0
0,2,0,7.47,0.044,0,0.23,0.337,0
2,4,2,124.8,0.67,1,5.89,0.91,1
0,2,0,2.05,0.01,1,1.34,0.37,0
0,1,0,2.91,0.008,0,0.83,0.254,0
8,5,1,266.56,0.296,0,6.57,0.581,1
4,3,3,377.8,0.127,1,3.74,0.826,1
2,5,0,125.72,0.539,1,8.99,0.978,1
0,1,0,36.31,0.048,0,0.51,0.178,0
6,3,0,385.36,0.81,0,8.32,0.6,1
0,1,0,30.46,0.002,0,0.79,0.23,0
0,1,0,9.56,0.001,0,1.44,0.336,0
0,0,0,23.58,0.033,0,0.99,0.214,0
0,2,0,35.02,0.012,0,1.34,0.248,0
9,4,2,69.31,0.272,1,4.87,0.606,1
0,0,0,33.86,0.019,0,0.7,0.146,0
6,6,1,413.05,0.31,1,2.59,0.731,1
10,3,0,447.49,0.575,1,9.03,0.53,1
3,2,1,93.48,0.785,1,4.57,0.567,1
4,6,2,215.98,0.781,0,8.85,0.831,1
10,5,0,378.03,0.514,0,6.44,0.996,1
0,2,0,34.48,0.033,0,1.03,0.22,0
0,1,0,11.48,0.024,0,0.99,0.398,0
6,2,1,158.27,0.649,0,4.89,0.922,1
1,1,0,18.74,0.001,0,0.45,0.171,0
0,2,0,16.87,0.031,0,1.02,0.35,0
0,2,0,32.92,0.003,0,0.77,0.283,0
2,3,0,234.31,0.564,0,9.89,0.602,1
0,0,0,37.53,0.03,0,0.34,0.3,0
0,2,0,29.83,0.016,0,1.47,0.329,0
0,2,0,12.28,0.021,0,1.47,0.309,0
3,8,2,201.74,0.291,1,9.15,0.553,1
7,2,3,199.16,0.213,0,7.75,0.801,1
0,0,0,25.74,0.026,1,0.27,0.254,0
8,5,0,452.17,0.681,0,7.7,0.912,1
0,2,0,33.72,0.019,1,1.4,0.35,0
7,7,3,223.33,0.14,0,7.72,0.821,1
0,2,0,37.66,0.018,0,0.64,0.183,0
0,0,0,1.88,0.045,0,0.42,0.385,0
7,4,2,358.15,0.655,1,7.48,0.821,1
2,6,3,212.84,0.791,0,5.79,0.855,1
7,3,2,117.18,0.116,0,6.86,0.556,1
0,2,0,33.27,0.03,0,0.86,0.141,0
8,2,1,186.96,0.581,1,9.54,0.87,1
3,5,2,141.16,0.414,0,4.95,0.804,1
0,2,0,18.8,0.016,0,0.9,0.147,0
1,2,2,432.21,0.538,1,6.28,0.99,1
0,1,0,10.7,0.031,0,1.27,0.323,0
2,2,1,246.09,0.643,1,8.82,0.733,1
0,0,0,10.95,0.043,0,0.82,0.377,0
1,6,2,172.64,0.249,0,5.58,0.656,1
8,4,1,485.59,0.806,1,8.89,0.562,1
0,0,0,6.15,0.011,1,1.2,0.364,0
0,0,0,15.91,0.015,0,1.5,0.385,0
8,7,1,389.18,0.524,1,3.95,0.89,1
0,1,0,37.61,0.031,0,1.31,0.222,0
8,6,2,460.35,0.185,0,7.17,0.673,1
1,2,2,129.32,0.602,1,8.97,0.671,1
4,6,3,489.05,0.746,1,6.53,0.992,1
1,8,0,206.67,0.422,1,3.33,0.817,1
0,1,0,18.64,0.011,0,0.91,0.147,0
0,1,0,38.82,0.047,0,1.01,0.389,0
0,0,0,2.58,0.02,0,1.29,0.233,0
7,3,0,358.32,0.364,0,9.2,0.676,1
9,7,2,122.46,0.861,1,2.47,0.569,1
8,4,0,466.17,0.595,0,9.91,0.667,1
3,3,1,490.98,0.361,1,8.16,0.57,1
0,2,0,36.36,0.025,0,0.91,0.113,0
8,8,0,287.58,0.796,1,9.31,0.902,1
4,3,3,356.67,0.707,1,8.38,0.736,1
0,1,0,14.26,0.034,0,1.02,0.225,0
0,0,0,38.16,0.018,0,1.06,0.362,0
5,5,0,381.48,0.595,0,4.86,0.649,1
0,2,0,7.26,0.028,0,0.24,0.336,0
7,8,2,441.94,0.825,1,8.04,0.938,1
0,0,0,15.63,0.005,0,1.37,0.164,0
9,4,3,448.62,0.514,1,3.54,0.765,1
0,2,0,14.89,0.05,0,0.98,0.324,0
0,0,0,36.67,0.043,0,0.97,0.27,0
1,7,2,335.97,0.327,1,4.37,0.987,1
5,4,3,276.06,0.378,0,7.01,0.739,1
3,8,1,406.45,0.696,0,5.7,0.593,1
10,3,1,194.57,0.448,1,6.54,0.803,1
2,6,1,339.1,0.766,0,2.84,0.552,1
0,1,0,3.87,0.021,0,0.65,0.278,0
0,1,0,29.02,0.037,0,1.41,0.194,0
0,0,0,14.63,0.047,0,0.88,0.192,0
9,8,3,480.97,0.535,1,9.11,0.702,1
0,0,0,22.07,0.008,0,0.23,0.162,0
0,2,0,3.97,0.026,0,0.56,0.304,0
8,8,0,151.51,0.659,1,3.82,0.704,1
2,2,2,440.29,0.267,1,9.42,0.561,1
0,2,0,35.96,0.028,0,0.89,0.385,0
1,8,1,218.86,0.812,0,2.66,0.989,1
3,7,3,95.28,0.418,1,4.04,0.674,1
9,4,3,362.37,0.539,1,2.3,0.97,1
0,0,0,21.43,0.032,0,1.47,0.388,0
5,4,1,433.62,0.114,1,4.68,0.725,1
0,0,0,16.22,0.044,0,0.51,0.185,0
0,1,0,5.52,0.008,0,0.97,0.248,0
0,0,0,22.6,0.013,0,0.59,0.213,0
0,0,0,26.63,0.042,0,0.51,0.313,0
0,0,0,19.2,0.022,0,1.19,0.3,0
1,1,0,11.14,0.02,0,0.96,0.163,0
10,4,1,208.6,0.764,0,2.99,0.928,1
0,1,0,24.69,0.018,0,0.18,0.299,0
0,2,0,17.93,0.047,0,1.1,0.113,0
3,4,2,214.9,0.297,1,8.42,0.605,1
5,8,0,373.85,0.346,0,6.36,0.78,1
2,5,3,285.01,0.388,0,9.3,0.757,1
4,3,2,124.75,0.803,0,8.75,0.979,1
2,5,3,456.33,0.615,1,8.72,0.978,1
1,3,1,368.81,0.425,1,3.5,0.741,1
0,0,0,8.16,0.026,0,0.65,0.365,0
0,0,0,23.15,0.037,0,0.19,0.17,0
0,0,0,20.82,0.031,0,1.19,0.243,0
8,5,3,280.25,0.27,1,7.28,0.671,1
3,8,3,476.19,0.3,0,2.79,0.996,1
4,2,1,68.57,0.843,1,7.03,0.597,1
3,3,2,451.46,0.49,1,7.23,0.571,1
7,4,1,165.75,0.642,0,8.1,0.828,1
2,3,3,167.71,0.223,1,8.75,0.78,1
1,1,0,18.11,0.006,0,0.12,0.32,0
2,8,1,331.84,0.619,1,9.11,0.78,1
5,4,2,289.92,0.878,1,2.63,0.739,1
9,6,1,401.81,0.831,1,9.19,0.942,1
0,2,0,21.57,0.032,0,0.89,0.162,0
0,1,0,12.65,0.047,0,0.9,0.151,0
0,1,0,13.88,0.003,0,0.81,0.109,0
0,0,0,17.01,0.019,0,1.17,0.212,0
0,0,0,13.21,0.018,0,0.1,0.143,0
1,1,0,39.66,0.011,0,1.22,0.146,0
7,5,0,229.55,0.705,0,8.7,0.734,1
0,2,0,4.73,0.003,0,1.31,0.134,0
9,8,2,199.39,0.266,0,9.75,0.897,1
0,0,0,33.31,0.044,0,0.32,0.367,0
0,1,0,28.07,0.043,0,0.65,0.395,0
9,5,1,263.52,0.2,1,9.3,0.703,1
9,6,3,458.44,0.53,1,3.93,0.69,1
0,2,0,23.63,0.009,0,0.89,0.257,0
0,1,0,9.53,0.009,0,1.17,0.112,0
6,3,3,161.91,0.827,0,5.31,0.619,1
1,8,2,198.18,0.832,0,3.37,0.829,1
6,4,2,268.36,0.738,0,4.86,0.665,1
0,1,0,9.77,0.028,0,1.15,0.233,0
5,8,0,129.17,0.61,1,9.3,0.82,1
4,4,0,350.99,0.738,1,3.46,0.621,1
1,0,0,14.07,0.026,0,1.29,0.337,0
10,2,1,350.65,0.287,1,2.34,0.767,1
1,2,0,38.8,0.025,0,0.16,0.247,0
10,4,0,224.96,0.382,1,2.51,0.541,1
0,2,0,9.28,0.031,0,0.73,0.356,0
6,2,2,474.9,0.552,1,8.27,0.664,1
6,7,1,416.46,0.13,1,6.61,0.663,1
0,0,0,15.79,0.011,1,0.58,0.22,0
6,2,2,499.34,0.344,1,7.98,0.718,1
0,1,0,37.59,0.015,0,1.21,0.283,0
2,6,0,472.42,0.101,0,3.42,0.783,1
7,5,0,309.37,0.402,1,3.64,0.711,1
1,5,3,488.57,0.894,0,5.2,0.52,1
6,5,1,351.5,0.49,1,3.29,0.519,1
0,2,0,15.34,0.044,0,1.16,0.265,0
7,6,2,106.05,0.177,1,6.98,0.891,1
3,2,1,164.38,0.232,0,4.41,0.543,1
0,1,0,25.55,0.034,0,0.33,0.367,0
5,2,0,318.99,0.382,1,8.09,0.726,1
0,2,0,9.86,0.042,0,1.09,0.264,0
0,1,0,10.9,0.044,0,1.04,0.24,0
0,0,0,4.15,0.014,0,0.35,0.119,0
0,0,0,26.39,0.027,0,0.97,0.138,0
7,7,1,442.19,0.202,0,6.87,0.86,1
2,2,1,101.71,0.798,1,7.76,0.668,1
0,1,0,31.89,0.018,0,0.72,0.282,0
0,2,0,36.6,0.009,0,1.0,0.116,0
8,7,1,369.23,0.14,0,3.87,0.691,1
7,8,3,183.76,0.838,1,5.14,0.823,1
0,1,0,9.58,0.001,0,0.95,0.227,0
3,7,0,358.89,0.231,0,3.25,0.597,1
4,8,3,345.45,0.882,1,2.54,0.721,1
1,3,0,478.14,0.494,1,3.14,0.98,1
6,4,0,281.05,0.717,0,4.25,0.962,1
0,2,0,18.63,0.02,0,0.5,0.18,0
0,0,0,15.58,0.027,0,0.4,0.391,0
0,2,0,10.18,0.046,0,1.34,0.237,0
0,0,0,2.27,0.006,1,1.32,0.389,0
9,2,1,171.54,0.167,1,4.09,0.884,1
7,4,2,420.06,0.498,1,8.33,0.715,1
8,3,2,448.29,0.211,1,6.7,0.521,1
1,7,0,51.32,0.416,0,5.7,0.535,1
8,8,0,473.13,0.22,1,2.99,0.812,1
0,1,0,7.2,0.046,0,1.1,0.307,0
0,1,0,22.58,0.032,1,1.32,0.123,0
0,0,0,6.67,0.05,0,1.15,0.147,0
0,2,0,20.38,0.035,0,0.54,0.203,0
10,8,0,448.23,0.105,1,9.05,0.847,1
3,4,1,198.16,0.705,1,4.23,0.627,1
0,2,0,6.47,0.009,0,0.41,0.199,0
0,0,0,14.05,0.007,0,1.38,0.333,0
1,2,0,322.58,0.167,1,2.07,0.533,1
9,4,2,329.14,0.267,1,8.3,0.925,1
0,2,0,12.06,0.008,0,0.48,0.193,0
7,4,2,269.18,0.399,1,2.8,0.857,1
5,3,0,276.73,0.619,0,8.31,0.701,1
9,5,0,270.56,0.699,0,4.47,0.742,1
0,2,0,9.99,0.05,0,0.74,0.393,0
3,8,3,493.96,0.202,0,7.09,0.658,1
1,1,0,4.05,0.015,0,0.15,0.173,0
0,2,0,29.74,0.013,0,0.97,0.252,0
0,0,0,23.41,0.016,0,1.39,0.119,0
1,1,0,27.56,0.039,0,0.36,0.315,0
5,2,0,62.81,0.215,1,2.84,0.915,1
0,0,0,23.09,0.028,0,1.4,0.229,0
0,2,0,39.21,0.047,0,0.9,0.277,0
3,8,1,204.69,0.884,0,3.64,0.872,1
0,0,0,18.24,0.016,0,0.55,0.34,0
0,1,0,33.53,0.028,1,0.28,0.389,0
0,1,0,16.56,0.034,0,0.88,0.333,0
5,2,1,276.85,0.464,0,7.47,0.614,1
0,2,0,32.48,0.049,0,0.16,0.244,0
4,4,3,428.62,0.533,1,9.85,0.675,1
1,3,3,305.74,0.28,1,5.93,0.521,1
0,0,0,19.94,0.014,0,0.36,0.254,0
0,1,0,15.68,0.011,0,0.13,0.391,0
7,2,3,119.96,0.534,1,2.52,0.524,1
5,4,1,241.92,0.158,0,2.05,0.811,1
7,5,2,336.72,0.567,0,2.82,0.578,1
0,1,0,12.83,0.01,0,1.09,0.367,0
4,5,2,454.89,0.519,1,6.35,0.521,1
1,2,2,497.99,0.628,1,7.61,0.95,1
0,2,0,8.21,0.049,0,1.19,0.341,0
0,2,0,6.79,0.001,0,1.49,0.17,0
6,8,1,457.38,0.39,0,2.32,0.646,1
6,6,2,267.74,0.171,1,5.72,0.507,1
10,6,1,61.59,0.839,1,9.98,0.779,1
0,1,0,32.5,0.031,0,0.14,0.136,0
0,0,0,3.43,0.013,0,0.31,0.306,0
0,1,0,14.04,0.033,0,0.96,0.217,0
0,0,0,37.9,0.031,0,0.97,0.298,0
0,2,0,25.69,0.048,0,1.19,0.4,0
0,1,0,38.11,0.039,1,1.32,0.186,0
0,0,0,37.58,0.018,0,1.2,0.371,0
9,6,1,469.09,0.315,0,8.34,0.511,1
8,4,1,365.13,0.498,0,2.46,0.675,1
10,3,0,150.23,0.104,1,4.72,0.718,1
0,2,0,5.9,0.003,0,0.21,0.267,0
0,1,0,28.83,0.032,0,0.99,0.187,0
2,6,3,255.26,0.514,1,4.65,0.707,1
0,0,0,26.88,0.007,0,0.92,0.3,0
5,4,2,408.1,0.713,1,7.7,0.553,1
0,1,0,5.35,0.044,0,1.33,0.21,0
2,6,3,318.45,0.581,1,8.86,0.884,1
0,2,0,13.36,0.042,0,0.46,0.37,0
0,0,0,32.72,0.026,0,0.42,0.204,0
2,6,0,377.89,0.79,0,3.43,0.534,1
6,3,1,234.26,0.884,0,4.9,0.727,1
0,2,0,25.44,0.026,0,1.11,0.129,0
1,5,1,242.68,0.168,1,2.35,0.505,1
3,3,3,449.93,0.186,1,3.66,0.679,1
5,7,1,214.79,0.433,1,3.33,0.7,1
0,0,0,2.36,0.008,0,0.54,0.295,0
9,6,1,200.37,0.334,0,3.3,0.991,1
3,4,2,93.77,0.179,0,2.39,0.516,1
4,8,2,405.73,0.657,1,9.29,0.837,1
0,1,0,35.28,0.036,0,1.32,0.356,0
0,2,0,35.99,0.035,0,0.1,0.392,0
10,6,2,492.29,0.449,0,5.94,0.638,1
10,6,0,468.09,0.247,0,8.52,0.744,1
0,2,0,19.77,0.024,1,0.94,0.131,0
1,8,2,370.38,0.254,0,7.27,0.619,1
10,8,0,220.04,0.713,1,6.98,0.807,1
0,2,0,14.86,0.04,0,0.9,0.283,0
7,8,0,68.76,0.457,1,2.88,0.863,1
5,7,2,392.72,0.106,0,7.12,0.585,1
6,3,2,91.05,0.113,0,6.97,0.535,1
7,3,3,195.1,0.185,0,3.48,0.983,1
1,3,1,415.97,0.431,1,7.25,0.662,1
5,5,1,257.95,0.71,0,3.81,0.852,1
3,7,0,126.82,0.498,1,7.13,0.752,1
0,2,0,2.01,0.036,0,0.8,0.16,0
10,8,2,476.48,0.707,1,7.08,0.877,1
0,1,0,4.47,0.029,0,1.02,0.357,0
4,5,2,69.89,0.294,1,3.18,0.865,1
3,7,3,205.69,0.283,1,7.32,0.613,1
1,7,0,286.77,0.501,1,9.54,0.852,1
0,1,0,22.76,0.009,0,0.22,0.285,0
0,1,0,10.16,0.014,0,0.39,0.378,0
0,1,0,28.05,0.036,0,0.45,0.122,0
3,2,0,115.81,0.451,0,8.85,0.862,1
9,3,2,206.4,0.446,0,3.12,0.719,1
1,7,1,199.2,0.247,1,3.53,0.991,1
10,8,0,415.71,0.232,1,7.69,0.589,1
0,2,0,2.31,0.02,0,0.8,0.356,0
6,7,2,324.69,0.701,0,7.59,0.62,1
2,8,0,311.69,0.637,1,8.9,0.588,1
0,0,0,25.3,0.043,0,0.28,0.106,0
0,2,0,24.8,0.022,0,1.01,0.307,0
7,5,2,406.84,0.636,1,2.64,0.519,1
0,0,0,25.26,0.03,0,1.26,0.134,0
7,3,2,321.06,0.642,1,5.75,0.662,1
9,8,2,383.96,0.41,0,3.5,0.645,1
0,0,0,12.01,0.046,0,0.13,0.13,0
0,0,0,36.01,0.031,0,1.26,0.278,0
0,1,0,21.72,0.044,0,1.49,0.268,0
0,0,0,26.85,0.028,0,1.21,0.137,0
9,2,0,66.79,0.648,0,5.01,0.925,1
0,1,0,32.92,0.012,0,1.12,0.11,0
1,0,0,22.06,0.01,0,1.25,0.182,0
0,0,0,2.7,0.038,0,1.34,0.2,0
0,1,0,18.68,0.034,0,1.18,0.377,0
0,2,0,21.97,0.037,0,0.55,0.209,0
9,6,2,447.02,0.279,1,2.5,0.96,1
2,4,0,289.66,0.292,0,5.97,0.99,1
8,8,2,428.03,0.218,1,7.1,0.952,1
1,0,0,2.69,0.004,0,1.35,0.275,0
0,1,0,8.64,0.038,0,0.49,0.315,0
0,0,0,32.54,0.014,0,1.4,0.144,0
0,0,0,11.37,0.027,0,1.01,0.176,0
2,5,1,322.85,0.695,0,6.1,0.611,1
0,1,0,16.29,0.005,0,1.47,0.138,0
0,0,0,7.26,0.006,0,0.73,0.299,0
10,6,0,435.84,0.692,0,2.32,0.524,1
0,2,0,6.05,0.039,0,0.92,0.107,0
4,7,1,245.74,0.281,0,5.2,0.863,1
0,1,0,14.88,0.023,0,0.43,0.273,0
2,6,3,246.78,0.141,1,6.14,0.576,1
0,0,0,26.71,0.043,0,1.11,0.183,0
10,2,2,275.09,0.408,1,8.1,0.552,1
10,6,2,265.19,0.353,1,4.89,0.857,1
10,5,1,271.49,0.678,1,7.18,0.815,1
1,7,0,388.99,0.795,0,4.85,0.627,1
0,0,0,7.48,0.002,0,0.26,0.387,0
0,2,0,32.54,0.014,0,0.33,0.254,0
10,6,2,443.53,0.771,1,4.06,0.812,1
0,0,0,28.24,0.031,0,1.27,0.347,0
0,0,0,10.2,0.017,1,1.44,0.254,0
8,2,0,377.39,0.681,1,4.03,0.97,1
7,8,0,311.22,0.349,1,7.46,0.841,1
4,2,3,349.7,0.52,1,3.47,0.984,1
0,1,0,29.64,0.003,0,0.41,0.221,0
6,3,3,292.08,0.604,1,9.34,0.515,1
3,4,0,263.15,0.827,1,7.88,0.971,1
1,5,2,282.0,0.879,1,7.93,0.564,1
0,2,0,8.01,0.03,0,0.28,0.142,0
9,6,1,356.49,0.745,1,3.31,0.52,1
0,2,0,13.5,0.038,0,0.44,0.241,0
0,1,0,35.78,0.009,0,1.48,0.226,0
0,1,0,13.69,0.039,0,0.62,0.363,0
1,3,2,50.16,0.17,0,9.57,0.786,1
10,7,1,163.44,0.254,1,5.51,0.577,1
0,2,0,30.04,0.004,0,0.68,0.201,0
0,0,0,14.0,0.033,0,1.18,0.323,0
5,4,1,386.43,0.466,0,5.94,0.754,1
0,1,0,18.11,0.029,0,1.08,0.247,0
0,1,0,14.88,0.003,0,0.34,0.316,0
1,2,0,37.53,0.047,0,1.13,0.262,0
10,2,0,458.48,0.499,1,7.87,0.727,1
9,2,3,424.34,0.326,0,2.07,0.597,1
0,1,0,6.03,0.014,0,0.31,0.361,0
8,4,3,475.55,0.804,0,8.72,0.881,1
0,0,0,6.25,0.042,1,1.11,0.265,0
10,4,2,348.82,0.686,1,9.16,0.508,1
3,7,1,388.19,0.628,0,8.13,0.959,1
5,2,0,132.62,0.238,0,2.78,0.502,1
1,2,2,395.67,0.485,1,4.82,0.771,1
5,6,0,186.23,0.676,0,5.49,0.724,1
1,5,1,108.44,0.892,1,6.5,0.699,1
0,1,0,4.43,0.001,0,0.62,0.158,0
1,6,0,170.02,0.837,0,8.96,0.956,1
2,4,0,384.33,0.405,0,7.22,0.826,1
0,2,0,28.68,0.03,0,0.82,0.387,0
9,6,2,277.18,0.661,0,4.58,0.507,1
0,2,0,27.74,0.02,0,0.62,0.141,0
0,0,0,17.02,0.042,0,1.02,0.21,0
8,4,2,288.4,0.217,1,2.88,0.711,1
9,2,2,322.08,0.249,0,7.7,0.831,1
0,2,0,14.27,0.038,0,0.53,0.391,0
0,0,0,7.09,0.021,0,0.74,0.366,0
9,5,2,396.23,0.617,0,6.21,0.916,1
0,2,0,11.36,0.038,0,0.25,0.395,0
6,4,0,410.6,0.747,1,6.83,0.846,1
2,5,3,260.57,0.146,1,6.66,0.943,1
0,0,0,16.31,0.012,1,1.47,0.349,0
9,4,2,421.22,0.865,0,6.23,0.533,1
10,7,2,124.22,0.862,1,4.07,0.617,1
0,1,0,7.57,0.035,0,1.12,0.321,0
0,0,0,20.46,0.027,0,0.45,0.294,0
1,8,3,268.92,0.101,1,8.52,0.963,1
0,2,0,11.28,0.004,0,0.11,0.268,0
9,4,1,166.23,0.718,0,4.6,0.996,1
0,1,0,24.24,0.016,0,1.25,0.299,0
7,4,3,386.33,0.479,1,2.54,0.995,1
10,8,1,384.82,0.429,1,5.59,0.709,1
7,8,3,430.22,0.42,1,4.91,0.927,1
5,5,0,133.61,0.485,0,3.22,0.782,1
10,5,3,64.22,0.398,1,4.94,0.699,1
4,5,3,257.11,0.612,1,4.51,0.987,1
0,2,0,38.19,0.033,0,0.8,0.202,0
0,0,0,3.46,0.036,0,0.41,0.224,0
0,1,0,29.78,0.044,1,1.06,0.335,0
0,0,0,38.47,0.012,1,0.4,0.262,0
0,1,0,36.75,0.034,0,1.21,0.303,0
4,5,2,186.73,0.866,1,4.88,0.576,1
5,6,1,366.58,0.465,1,9.82,0.729,1
0,1,0,39.03,0.039,0,0.42,0.135,0
0,1,0,28.09,0.028,0,1.41,0.327,0
0,1,0,11.57,0.01,1,0.53,0.21,0
0,0,0,27.17,0.01,0,0.73,0.168,0
0,0,0,8.96,0.025,0,0.63,0.286,0
0,1,0,34.57,0.009,0,0.79,0.257,0
2,6,0,193.94,0.259,1,6.69,0.645,1
0,0,0,24.57,0.048,0,0.93,0.36,0
0,2,0,14.86,0.045,1,0.77,0.202,0
0,1,0,11.88,0.006,1,1.0,0.237,0
3,2,3,478.74,0.878,1,3.71,0.651,1
0,2,0,29.41,0.034,0,0.19,0.237,0
0,0,0,19.61,0.0,0,0.29,0.165,0
10,3,2,376.7,0.825,0,2.93,0.777,1
1,3,0,69.11,0.82,0,6.53,0.91,1
7,7,2,317.51,0.754,0,6.05,0.846,1
10,7,1,66.79,0.228,1,6.7,0.98,1
9,6,2,306.78,0.575,1,7.14,0.946,1
5,2,1,495.51,0.212,0,9.51,0.586,1
9,5,3,205.74,0.848,1,8.14,0.537,1
0,1,0,8.8,0.044,0,0.3,0.24,0
9,3,3,466.55,0.752,0,5.33,0.869,1
0,2,0,37.1,0.044,0,1.14,0.278,0
5,4,2,197.29,0.212,1,2.89,0.738,1
8,6,2,375.14,0.213,0,7.94,0.574,1
1,6,3,167.16,0.662,0,3.19,0.885,1
0,0,0,9.43,0.031,1,0.92,0.338,0
10,8,1,50.55,0.138,1,3.17,0.902,1
2,2,2,337.01,0.697,1,4.02,0.827,1
0,0,0,6.82,0.007,0,0.72,0.301,0
2,6,0,348.8,0.626,1,6.71,0.579,1
0,2,0,32.9,0.041,0,0.18,0.371,0
0,2,0,18.07,0.045,1,1.04,0.28,0
0,2,0,13.62,0.001,0,1.36,0.184,0
1,3,3,475.99,0.396,1,7.5,0.848,1
0,1,0,33.68,0.02,0,1.25,0.136,0
1,0,0,35.93,0.02,0,1.0,0.339,0
4,3,0,436.96,0.673,0,3.36,0.998,1
6,2,0,310.64,0.238,1,9.79,0.818,1
7,2,2,347.26,0.644,1,8.66,0.656,1
0,2,0,38.81,0.045,0,0.13,0.228,0
4,5,0,199.65,0.567,1,4.55,0.623,1
8,7,1,287.84,0.606,1,5.05,0.547,1
9,6,2,183.04,0.401,0,7.93,0.621,1
2,8,1,307.78,0.284,1,6.68,0.502,1
0,2,0,25.18,0.025,0,0.87,0.396,0
4,8,2,356.52,0.54,1,7.3,0.944,1
5,6,3,353.28,0.252,0,8.13,0.613,1
8,3,1,409.05,0.716,1,9.96,0.825,1
0,0,0,10.37,0.012,0,0.71,0.214,0
10,7,0,407.99,0.297,0,3.34,0.821,1
1,5,1,74.3,0.747,1,2.06,0.638,1
0,1,0,7.13,0.028,1,0.35,0.257,0
5,3,3,498.68,0.276,0,5.17,0.75,1
2,2,2,52.58,0.316,1,4.81,0.594,1
1,5,0,494.48,0.212,1,3.61,0.668,1
10,4,1,442.79,0.671,0,4.09,0.733,1
9,5,0,214.43,0.114,1,2.72,0.66,1
8,6,0,478.77,0.562,1,9.3,0.524,1
0,2,0,14.61,0.046,0,1.25,0.281,0
0,0,0,19.79,0.022,0,1.5,0.221,0
6,6,1,364.35,0.472,0,5.59,0.787,1
0,2,0,12.25,0.027,0,0.16,0.159,0
0,0,0,20.17,0.046,0,0.54,0.251,0
0,2,0,20.94,0.004,0,0.82,0.242,0
7,6,3,471.4,0.6,1,9.77,0.624,1
0,1,0,6.64,0.018,0,0.86,0.216,0
0,2,0,1.53,0.003,0,0.68,0.173,0
2,4,3,129.63,0.173,1,6.28,0.762,1
0,0,0,13.32,0.018,1,0.93,0.187,0
1,7,2,128.32,0.348,1,2.23,0.877,1
0,1,0,23.66,0.004,0,1.0,0.155,0
7,8,3,341.53,0.141,1,4.17,0.572,1
0,0,0,3.73,0.047,0,0.98,0.238,0
9,6,0,176.95,0.366,1,5.42,0.938,1
0,2,0,33.05,0.003,0,0.1,0.106,0
0,2,0,16.89,0.031,0,1.05,0.296,0
0,1,0,12.97,0.022,1,1.16,0.342,0
5,6,0,189.32,0.477,1,6.3,0.693,1
6,8,2,398.22,0.373,1,6.21,0.611,1
10,2,3,209.69,0.535,0,4.02,0.711,1
0,1,0,22.74,0.008,0,0.73,0.257,0
0,2,0,39.39,0.017,0,0.97,0.278,0
0,2,0,22.91,0.025,0,1.31,0.361,0
7,4,1,218.58,0.313,1,5.66,0.791,1
0,0,0,24.37,0.026,0,1.12,0.127,0
2,5,1,224.79,0.621,1,2.02,0.75,1
0,0,0,19.34,0.037,0,1.48,0.297,0
6,3,2,318.29,0.425,1,5.29,0.654,1
6,7,1,431.56,0.803,1,7.22,0.858,1
0,0,0,14.56,0.001,1,0.27,0.381,0
1,1,0,34.26,0.014,0,1.23,0.202,0
3,8,2,467.75,0.216,1,2.18,0.954,1
0,0,0,37.28,0.039,0,0.81,0.285,0
5,6,1,287.67,0.684,0,6.9,0.742,1
0,1,0,23.14,0.016,0,1.28,0.285,0
0,1,0,9.67,0.04,0,0.13,0.204,0
7,2,2,97.36,0.668,0,4.2,0.902,1
3,5,3,477.21,0.418,1,2.48,0.955,1
0,0,0,15.57,0.025,0,0.96,0.365,0
9,4,3,185.94,0.245,1,9.81,0.767,1
8,6,0,337.37,0.337,0,6.19,0.691,1
0,1,0,28.56,0.037,0,1.48,0.398,0
7,8,0,383.44,0.63,1,7.96,0.569,1
9,8,0,113.87,0.146,0,2.19,0.5,1
8,7,3,348.16,0.373,1,9.37,0.997,1
4,5,0,326.09,0.647,0,7.68,0.776,1
0,1,0,33.44,0.042,1,0.46,0.35,0
0,0,0,14.85,0.01,0,1.29,0.366,0
10,8,2,56.9,0.213,0,2.57,0.956,1
4,8,1,405.87,0.424,1,6.37,0.8,1
7,3,2,430.77,0.659,1,9.22,0.846,1
0,2,0,13.98,0.024,0,0.22,0.148,0
8,8,2,328.71,0.772,1,6.69,0.566,1
0,1,0,13.15,0.045,0,0.14,0.208,0
3,5,2,408.74,0.473,1,6.41,0.539,1
0,0,0,32.39,0.009,0,0.12,0.201,0
0,1,0,13.82,0.037,0,0.97,0.107,0
0,0,0,2.37,0.042,1,0.14,0.312,0
3,5,1,445.8,0.108,0,4.7,0.6,1
0,1,0,9.34,0.002,0,1.02,0.235,0
6,3,0,299.25,0.822,0,6.54,0.572,1
0,2,0,34.72,0.032,1,1.4,0.311,0
7,6,0,236.2,0.618,1,3.29,0.614,1
9,7,2,65.67,0.194,0,7.92,0.73,1
0,2,0,12.17,0.015,0,1.18,0.112,0
0,0,0,36.54,0.002,0,0.93,0.243,0
0,2,0,22.79,0.009,0,0.19,0.329,0
9,8,1,323.74,0.251,0,5.2,0.713,1
0,2,0,21.27,0.035,0,0.62,0.345,0
1,1,0,3.44,0.035,0,0.23,0.379,0
0,1,0,30.76,0.048,1,1.21,0.335,0
6,8,1,81.55,0.875,1,2.2,0.965,1
8,8,2,439.84,0.404,0,5.53,0.919,1
0,1,0,25.7,0.033,0,0.4,0.369,0
2,6,3,275.5,0.62,0,2.14,0.539,1
6,6,3,161.73,0.212,1,5.83,0.902,1
3,7,0,73.74,0.736,1,7.21,0.595,1
0,2,0,32.36,0.041,0,1.43,0.141,0
8,5,1,86.13,0.468,0,8.73,0.706,1
0,0,0,5.66,0.002,0,1.28,0.131,0
0,2,0,33.59,0.047,0,0.83,0.393,0
5,5,0,92.01,0.781,1,5.95,0.556,1
0,1,0,8.48,0.032,0,0.45,0.319,0
1,2,2,113.69,0.81,1,7.72,0.974,1
2,4,3,272.7,0.199,0,3.92,0.975,1
4,4,3,231.24,0.567,1,6.87,0.725,1
8,2,1,296.9,0.424,0,9.94,0.702,1
0,0,0,5.79,0.006,0,1.48,0.116,0
0,2,0,20.77,0.03,0,0.61,0.237,0
1,0,0,16.56,0.013,0,1.11,0.313,0
2,7,2,290.33,0.175,1,6.47,0.94,1
0,2,0,22.04,0.032,0,1.5,0.117,0
0,0,0,37.79,0.009,0,0.2,0.314,0
0,0,0,26.87,0.039,0,1.16,0.377,0
6,4,2,251.67,0.494,0,6.31,0.961,1
10,6,0,302.47,0.195,1,5.0,0.648,1
7,5,1,168.55,0.147,1,6.81,0.863,1
1,5,1,383.09,0.663,1,2.88,0.726,1
0,1,0,24.81,0.016,0,0.16,0.255,0
7,5,0,309.61,0.226,0,2.64,0.854,1
9,4,0,335.99,0.469,0,2.32,0.543,1
0,2,0,24.51,0.003,0,0.85,0.199,0
0,0,0,25.05,0.017,0,1.42,0.285,0
9,8,2,438.64,0.458,0,6.74,0.597,1
2,6,0,193.94,0.351,1,3.21,0.746,1
7,8,1,69.36,0.454,1,8.75,0.699,1
8,3,1,368.38,0.609,0,5.01,0.774,1
1,0,0,16.24,0.05,0,1.24,0.296,0
0,0,0,30.25,0.041,0,0.77,0.341,0
0,1,0,11.41,0.019,0,0.82,0.348,0
4,6,1,64.77,0.339,1,3.46,0.608,1
0,0,0,11.12,0.004,1,0.6,0.354,0
0,1,0,26.98,0.047,0,0.2,0.217,0
0,2,0,15.26,0.038,0,1.03,0.336,0
8,7,1,188.2,0.583,1,9.96,0.653,1
0,0,0,21.88,0.025,0,0.27,0.145,0
2,8,3,235.95,0.281,1,5.2,0.572,1
0,1,0,29.3,0.022,0,0.98,0.133,0
3,5,0,168.68,0.891,1,7.81,0.752,1
0,2,0,24.17,0.004,0,0.12,0.353,0
1,5,1,120.1,0.435,0,8.3,0.586,1
0,2,0,37.94,0.03,0,0.76,0.282,0
0,2,0,34.31,0.003,0,1.25,0.27,0
0,1,0,26.16,0.043,0,0.88,0.276,0
7,2,3,405.89,0.312,1,5.16,0.838,1
10,2,1,61.94,0.284,1,4.93,0.774,1
0,2,0,20.47,0.029,0,1.05,0.317,0
0,1,0,19.77,0.043,0,1.37,0.382,0
0,2,0,32.17,0.026,0,0.16,0.153,0
1,5,3,198.92,0.625,1,4.18,0.515,1
7,2,2,343.78,0.227,1,4.05,0.848,1
4,8,3,348.67,0.275,1,6.61,0.791,1
0,1,0,25.45,0.024,0,0.55,0.153,0
2,4,1,483.18,0.648,1,5.26,0.596,1
0,2,0,27.81,0.05,0,1.31,0.158,0
0,0,0,16.82,0.032,0,0.95,0.283,0
10,5,2,482.92,0.554,1,3.37,0.969,1
3,8,0,144.49,0.426,1,8.16,0.623,1
1,0,0,4.14,0.05,0,0.89,0.129,0
0,2,0,16.46,0.006,0,0.12,0.183,0
10,7,3,354.94,0.508,1,8.04,0.712,1
0,2,0,9.56,0.02,0,1.12,0.346,0
1,2,0,392.76,0.352,0,2.93,0.843,1
0,0,0,11.56,0.01,0,0.99,0.114,0
0,0,0,28.27,0.029,0,0.25,0.376,0
3,5,0,321.92,0.322,1,2.59,0.919,1
0,0,0,21.2,0.02,0,1.08,0.328,0
1,2,0,121.92,0.655,1,3.66,0.512,1
2,3,0,195.63,0.802,0,3.68,1.0,1
4,4,2,295.18,0.601,1,2.46,0.857,1
3,6,1,285.98,0.465,0,9.34,0.805,1
5,2,1,117.63,0.28,0,2.69,0.925,1
0,1,0,9.45,0.03,0,1.23,0.357,0
8,2,2,257.45,0.393,1,6.44,0.948,1
7,7,3,467.29,0.707,1,5.64,0.964,1
7,7,2,431.47,0.628,1,3.26,0.661,1
0,0,0,11.02,0.048,0,1.19,0.208,0
0,1,0,29.84,0.048,0,1.27,0.107,0
3,5,1,479.55,0.838,1,6.43,0.519,1
6,4,1,430.06,0.197,1,9.69,0.568,1
0,1,0,23.62,0.049,0,0.38,0.244,0
9,6,2,189.33,0.44,0,6.37,0.67,1
0,0,0,20.37,0.023,0,1.33,0.283,0
0,0,0,21.27,0.042,0,0.42,0.332,0
10,3,1,194.12,0.288,1,5.58,0.576,1
7,5,1,400.95,0.53,0,4.87,0.737,1
6,8,3,422.49,0.133,1,7.16,0.509,1
6,3,3,438.09,0.828,0,8.19,0.792,1
0,0,0,31.71,0.046,1,1.11,0.305,0
0,2,0,27.49,0.042,0,1.41,0.3,0
0,2,0,11.53,0.043,0,0.23,0.228,0
4,2,0,159.4,0.352,1,9.28,0.938,1
4,2,3,224.43,0.285,1,6.25,0.507,1
0,1,0,26.99,0.024,0,0.51,0.37,0
6,8,2,90.12,0.659,1,3.79,0.504,1
9,7,2,410.95,0.175,1,5.84,0.535,1
0,0,0,18.18,0.05,0,1.22,0.158,0
10,6,0,482.29,0.176,1,8.45,0.985,1
10,2,0,467.22,0.739,0,8.49,0.568,1
3,7,3,372.45,0.625,0,6.86,0.757,1
0,1,0,11.55,0.038,0,1.0,0.35,0
0,2,0,1.28,0.04,0,1.44,0.164,0
9,3,2,382.09,0.121,0,9.02,0.77,1
0,2,0,24.08,0.047,0,0.15,0.204,0
0,2,0,14.06,0.027,0,0.68,0.343,0
9,3,0,376.0,0.56,0,6.81,0.63,1
7,2,0,449.2,0.858,0,9.4,0.669,1
10,4,1,345.65,0.736,1,7.47,0.875,1
0,2,0,35.87,0.011,0,1.41,0.287,0
0,1,0,11.23,0.01,1,0.32,0.355,0
0,2,0,4.81,0.005,0,0.21,0.398,0
0,0,0,5.57,0.017,0,0.9,0.309,0
1,3,3,183.16,0.634,0,5.45,0.557,1
1,1,0,34.17,0.043,0,0.23,0.29,0
4,8,3,205.98,0.863,0,6.68,0.944,1
0,1,0,32.65,0.032,0,0.63,0.253,0
6,7,3,427.22,0.306,0,6.3,0.956,1
9,8,1,251.0,0.827,0,3.92,0.824,1
0,1,0,5.9,0.006,0,1.1,0.311,0
3,4,0,387.64,0.737,1,7.83,0.902,1
0,1,0,3.47,0.006,0,0.52,0.367,0
9,6,2,226.24,0.778,1,2.95,0.746,1
3,3,2,345.27,0.343,0,3.4,0.642,1
0,1,0,3.91,0.024,0,1.5,0.293,0
10,7,0,118.62,0.141,0,4.58,0.622,1
0,0,0,34.67,0.032,0,1.47,0.117,0
9,7,0,173.06,0.367,0,7.1,0.626,1
0,1,0,35.67,0.032,0,0.45,0.261,0
8,4,1,412.02,0.733,1,9.23,0.743,1
2,7,2,401.16,0.815,1,3.49,0.938,1
0,1,0,20.9,0.004,0,0.54,0.184,0
0,2,0,21.57,0.003,0,1.0,0.309,0
2,3,3,227.02,0.773,1,8.96,0.539,1
3,7,1,207.55,0.167,0,3.57,0.539,1
0,1,0,7.9,0.047,1,0.74,0.319,0
1,5,0,223.09,0.478,0,9.82,0.711,1
10,3,0,256.06,0.864,0,8.61,0.962,1
5,4,3,166.5,0.733,0,7.33,0.614,1
10,6,0,180.47,0.346,0,8.23,0.567,1
8,7,0,301.41,0.784,1,8.41,0.922,1
0,2,0,28.43,0.035,0,0.86,0.3,0
0,1,0,14.28,0.012,0,1.33,0.174,0
10,3,1,147.08,0.281,1,9.64,0.825,1
0,2,0,7.59,0.023,0,0.87,0.181,0
9,7,2,335.55,0.511,1,5.09,0.677,1
7,6,2,425.78,0.253,0,7.12,0.897,1
0,0,0,6.85,0.041,1,0.5,0.108,0
3,7,2,150.36,0.448,1,8.82,0.667,1
0,2,0,31.39,0.031,0,0.69,0.273,0
0,1,0,21.94,0.034,0,0.3,0.317,0
1,8,1,387.89,0.71,0,2.81,0.544,1
1,5,0,153.56,0.632,1,5.4,0.681,1
4,4,2,201.75,0.237,0,8.1,0.683,1
0,0,0,5.65,0.013,0,0.76,0.327,0
0,0,0,37.44,0.041,0,1.26,0.129,0
1,2,0,34.52,0.02,0,1.32,0.365,0
0,2,0,5.5,0.023,0,1.18,0.238,0
0,1,0,27.41,0.009,0,0.68,0.319,0
0,2,0,15.04,0.015,1,0.4,0.151,0
0,2,0,20.44,0.011,0,0.84,0.122,0
6,8,1,338.04,0.188,1,2.33,0.694,1
1,4,0,122.88,0.294,0,3.53,0.844,1
0,0,0,38.52,0.048,0,0.84,0.101,0
9,4,0,317.66,0.882,1,6.84,0.79,1
2,2,0,462.83,0.132,0,4.73,0.863,1
6,8,2,160.31,0.889,1,5.56,0.815,1
6,6,3,404.21,0.553,1,6.79,0.98,1
0,2,0,7.61,0.045,0,0.86,0.263,0
0,2,0,26.03,0.043,0,0.9,0.121,0
0,1,0,13.86,0.019,0,0.41,0.299,0
2,5,3,149.95,0.381,1,4.88,0.744,1
1,4,2,449.38,0.349,0,5.7,0.863,1
0,2,0,21.95,0.017,0,1.27,0.162,0
0,1,0,1.64,0.021,0,0.37,0.257,0
0,1,0,23.56,0.024,0,0.55,0.151,0
1,1,0,4.82,0.046,0,0.77,0.27,0
7,7,3,156.63,0.179,1,6.96,0.769,1
0,0,0,21.53,0.019,0,0.76,0.365,0
0,1,0,35.32,0.005,0,0.83,0.136,0
0,2,0,15.95,0.011,0,0.99,0.15,0
0,1,0,29.35,0.024,0,0.65,0.335,0
0,0,0,2.5,0.008,0,0.85,0.161,0
0,0,0,30.19,0.016,0,1.06,0.327,0
8,2,2,53.49,0.215,0,9.4,0.853,1
10,2,3,88.5,0.747,0,7.08,0.712,1
4,6,1,338.64,0.61,1,5.53,0.76,1
2,4,1,181.83,0.756,0,7.62,0.554,1
7,3,1,177.28,0.526,1,6.9,0.535,1
10,2,2,72.42,0.504,1,4.3,0.979,1
7,7,0,159.09,0.239,0,7.63,0.993,1
0,2,0,27.2,0.049,0,1.44,0.157,0
0,1,0,7.87,0.016,0,0.95,0.326,0
7,8,2,324.79,0.504,1,2.85,0.674,1
8,5,0,345.57,0.525,1,3.01,0.868,1
9,6,0,146.49,0.826,1,4.14,0.889,1
0,1,0,12.1,0.03,0,1.17,0.127,0
4,2,1,315.36,0.645,1,5.88,0.695,1
0,2,0,17.1,0.011,0,1.22,0.326,0
0,2,0,36.52,0.002,0,0.16,0.22,0
0,2,0,38.69,0.045,0,0.68,0.229,0
0,0,0,34.02,0.033,1,0.81,0.216,0
3,8,0,484.97,0.339,1,8.32,0.829,1
0,2,0,23.84,0.029,0,1.15,0.377,0
6,5,2,70.53,0.229,0,2.64,0.63,1
10,3,3,347.32,0.159,0,4.19,0.804,1
6,2,0,391.15,0.214,1,4.84,0.751,1
4,5,0,263.94,0.576,1,2.3,0.838,1
7,7,3,102.05,0.832,0,2.1,0.721,1
1,2,1,398.75,0.8,0,2.66,0.996,1
0,1,0,39.21,0.047,0,0.54,0.181,0
0,0,0,10.24,0.009,0,0.52,0.181,0
8,5,2,455.15,0.842,1,7.41,0.664,1
0,2,0,19.64,0.024,0,0.31,0.356,0
7,5,2,120.72,0.721,1,7.95,0.717,1
4,8,0,491.08,0.426,1,6.99,0.804,1
1,3,1,374.86,0.878,0,3.85,0.839,1
7,4,0,64.14,0.119,1,7.78,0.909,1
0,1,0,11.66,0.041,1,0.75,0.38,0
1,0,0,3.17,0.008,0,1.06,0.311,0
0,1,0,31.11,0.046,0,0.31,0.266,0
0,1,0,5.04,0.03,0,1.04,0.345,0
3,4,0,439.28,0.103,1,8.08,0.793,1
0,2,0,37.1,0.02,0,0.28,0.268,0
0,2,0,28.11,0.039,1,0.85,0.205,0
6,2,0,134.61,0.48,0,2.9,0.676,1
1,1,0,21.39,0.026,0,0.22,0.329,0
8,4,0,400.55,0.4,1,8.35,0.724,1
0,1,0,21.21,0.047,0,0.16,0.245,0
0,0,0,23.29,0.019,1,1.27,0.182,0
4,6,0,409.01,0.829,0,5.89,0.711,1
0,1,0,20.97,0.007,1,0.71,0.351,0
0,2,0,6.78,0.008,0,0.42,0.333,0
0,1,0,3.48,0.031,0,1.01,0.12,0
0,2,0,13.39,0.022,1,0.85,0.1,0
3,3,1,252.14,0.668,0,2.82,0.992,1
5,3,0,243.09,0.217,1,5.37,0.597,1
1,5,1,50.32,0.756,1,7.32,0.566,1
9,2,2,457.18,0.155,1,5.67,0.985,1
8,4,2,198.19,0.217,1,5.57,0.972,1
6,7,3,50.43,0.32,1,9.99,0.948,1
0,2,0,19.63,0.019,0,1.18,0.373,0
0,0,0,1.33,0.033,0,1.44,0.145,0
7,3,1,233.29,0.752,0,8.5,0.56,1
0,0,0,21.89,0.047,0,1.44,0.132,0
0,2,0,31.68,0.001,0,1.44,0.211,0
5,7,1,433.43,0.722,1,6.33,0.585,1
9,8,2,391.47,0.215,0,7.79,0.658,1
0,0,0,25.93,0.024,0,0.72,0.298,0
0,0,0,11.72,0.019,0,1.06,0.121,0
9,5,2,220.21,0.468,1,7.18,0.774,1
9,8,1,451.43,0.218,0,7.53,0.8,1
0,1,0,17.65,0.026,0,0.28,0.365,0
6,8,2,375.16,0.424,1,5.38,0.761,1
0,0,0,19.03,0.05,0,0.84,0.151,0
0,2,0,15.84,0.001,0,1.49,0.336,0
4,4,2,176.95,0.676,0,6.08,0.971,1
2,3,0,411.21,0.4,1,6.09,0.955,1
0,2,0,26.48,0.009,0,0.43,0.303,0
0,0,0,8.33,0.015,0,1.46,0.318,0
0,0,0,35.64,0.049,0,0.83,0.184,0
0,0,0,23.6,0.026,0,0.71,0.148,0
0,0,0,39.16,0.029,0,1.38,0.135,0
1,8,0,156.0,0.42,0,5.47,0.505,1
3,2,0,194.73,0.163,1,4.35,0.55,1
0,1,0,36.55,0.035,0,0.77,0.369,0
0,1,0,22.33,0.03,1,1.46,0.208,0
0,2,0,7.71,0.026,0,0.36,0.352,0
9,5,3,204.86,0.477,0,2.37,0.505,1
10,6,3,102.06,0.877,1,7.56,0.984,1
2,7,0,418.17,0.677,1,4.75,0.922,1
0,1,0,16.5,0.033,0,1.0,0.317,0
0,2,0,29.62,0.012,0,1.32,0.332,0
7,4,3,441.48,0.753,1,7.71,0.925,1
1,2,0,27.78,0.005,0,0.36,0.372,0
7,7,0,347.13,0.357,0,4.97,0.633,1
3,2,0,255.17,0.668,0,7.09,0.982,1
10,4,2,259.12,0.307,1,7.02,0.851,1
0,2,0,29.38,0.04,0,0.22,0.255,0
0,1,0,32.29,0.013,0,0.2,0.382,0
0,0,0,3.98,0.024,0,0.29,0.279,0
0,0,0,39.39,0.008,0,0.44,0.356,0
4,8,1,436.65,0.714,1,4.49,0.634,1
0,2,0,9.62,0.028,0,1.0,0.174,0
0,2,0,39.99,0.042,1,0.46,0.371,0
0,2,0,30.9,0.009,0,0.41,0.171,0
0,1,0,25.61,0.029,0,0.24,0.324,0
0,0,0,39.37,0.046,0,1.5,0.216,0
7,3,2,326.4,0.802,1,6.07,0.527,1
0,2,0,21.05,0.03,0,0.93,0.177,0
0,0,0,29.53,0.033,0,1.06,0.153,0
2,2,3,315.22,0.417,1,8.52,0.988,1
8,3,2,314.57,0.295,0,8.11,0.548,1
8,8,0,100.27,0.129,1,4.77,0.632,1
2,8,2,424.97,0.615,1,2.49,0.648,1
6,7,0,181.38,0.496,1,2.48,0.626,1
5,2,1,371.53,0.78,0,9.11,0.983,1
7,7,1,331.07,0.827,0,2.97,0.672,1
0,1,0,26.35,0.033,0,0.23,0.367,0
6,2,1,302.29,0.442,1,9.1,0.966,1
0,1,0,11.14,0.001,0,1.3,0.165,0
0,2,0,17.42,0.033,0,0.38,0.258,0
5,4,2,301.72,0.884,1,6.9,0.627,1
0,2,0,32.19,0.029,0,1.15,0.298,0
0,0,0,35.91,0.029,1,1.01,0.127,0
0,2,0,6.92,0.009,0,1.17,0.163,0
1,1,0,13.21,0.021,0,1.48,0.341,0
0,1,0,18.59,0.04,0,1.14,0.376,0
7,2,0,384.14,0.407,1,6.05,0.847,1
0,0,0,16.9,0.014,0,0.41,0.203,0
0,2,0,21.38,0.041,0,1.23,0.167,0
6,5,2,372.37,0.443,1,6.54,0.518,1
0,0,0,8.89,0.009,0,0.53,0.237,0
0,2,0,1.57,0.035,0,1.29,0.234,0
0,2,0,16.6,0.014,0,1.23,0.296,0
0,1,0,6.29,0.025,0,0.1,0.357,0
0,0,0,12.38,0.034,0,1.35,0.156,0
0,2,0,16.63,0.044,0,0.54,0.121,0
0,1,0,6.7,0.006,1,0.92,0.318,0
1,8,3,260.2,0.303,1,8.37,0.521,1
0,1,0,1.24,0.0,0,0.51,0.165,0
0,2,0,31.74,0.046,0,0.37,0.136,0
1,1,0,26.73,0.024,0,0.37,0.206,0
0,2,0,17.29,0.032,0,1.25,0.169,0
0,1,0,36.34,0.041,0,0.57,0.108,0
0,0,0,4.24,0.008,1,0.5,0.151,0
0,2,0,9.93,0.037,0,1.42,0.261,0
7,8,2,303.26,0.493,1,2.14,0.784,1
0,1,0,15.69,0.021,0,0.8,0.241,0
5,5,3,223.81,0.271,1,2.31,0.772,1
10,6,3,370.8,0.887,1,6.5,0.946,1
0,2,0,28.93,0.014,0,1.0,0.187,0
0,1,0,24.51,0.004,1,1.19,0.321,0
0,1,0,12.23,0.034,0,1.1,0.234,0
0,0,0,6.3,0.036,0,0.17,0.305,0
2,5,2,169.01,0.295,1,3.75,0.977,1
0,1,0,35.35,0.001,0,1.48,0.373,0
6,7,2,111.14,0.546,1,6.97,0.572,1
0,0,0,20.84,0.031,0,1.27,0.312,0
0,1,0,6.96,0.049,0,0.2,0.205,0
9,3,2,347.08,0.855,1,7.32,0.514,1
0,0,0,29.31,0.016,0,0.38,0.343,0
5,5,3,285.28,0.302,0,6.6,0.825,1
5,4,1,152.37,0.796,0,6.12,0.662,1
0,1,0,22.05,0.006,1,0.42,0.109,0
1,2,0,25.72,0.04,0,1.13,0.14,0
0,1,0,34.48,0.013,0,1.44,0.385,0
2,3,2,296.41,0.397,1,9.92,0.812,1
0,1,0,7.38,0.037,0,1.11,0.191,0
1,2,0,4.1,0.044,0,0.55,0.213,0
3,5,2,466.62,0.538,0,4.49,0.504,1
0,2,0,27.25,0.047,0,0.4,0.288,0
2,2,3,333.4,0.217,1,6.1,0.642,1
6,4,1,423.97,0.556,0,6.25,0.759,1
0,2,0,31.65,0.031,0,1.38,0.301,0
0,0,0,17.51,0.023,0,0.14,0.185,0
0,1,0,30.3,0.024,0,0.35,0.251,0
7,4,1,125.17,0.883,1,2.21,0.619,1
1,3,1,315.68,0.242,1,2.57,0.564,1
4,6,2,449.07,0.724,1,4.6,0.802,1
0,1,0,14.94,0.045,0,0.48,0.386,0
0,2,0,11.35,0.039,0,0.25,0.314,0
0,1,0,29.79,0.007,0,0.33,0.148,0
9,5,3,105.93,0.276,1,4.75,0.939,1
6,8,2,363.98,0.311,1,7.71,0.913,1
4,8,0,176.2,0.222,0,7.0,0.602,1
0,2,0,10.97,0.022,0,0.31,0.223,0
3,4,0,399.13,0.877,1,9.06,0.744,1
9,4,2,399.11,0.467,1,6.86,0.752,1
0,0,0,29.41,0.005,0,1.01,0.393,0
0,2,0,10.19,0.009,0,0.84,0.196,0
0,0,0,35.46,0.044,0,0.27,0.193,0
0,0,0,32.03,0.009,0,1.41,0.142,0
3,7,0,395.62,0.685,1,8.26,0.861,1
6,2,3,481.44,0.386,0,8.21,0.674,1
10,6,1,187.23,0.702,0,8.17,0.697,1
8,7,2,216.98,0.366,1,2.34,0.54,1
7,6,2,414.2,0.569,1,5.99,0.743,1
0,2,0,29.45,0.001,0,0.52,0.378,0
9,2,1,53.9,0.136,1,5.19,0.667,1
0,0,0,29.57,0.043,1,1.34,0.236,0
6,5,2,113.37,0.218,1,3.91,0.934,1
3,2,0,196.49,0.247,1,3.55,0.944,1
10,2,1,497.02,0.57,1,4.53,0.851,1
7,7,0,174.46,0.272,0,7.76,0.559,1
8,7,1,173.65,0.483,1,9.14,0.616,1
0,1,0,12.87,0.044,0,1.36,0.209,0
1,6,1,160.71,0.464,1,8.22,0.773,1
4,5,3,445.6,0.411,0,9.26,0.669,1
5,5,1,169.09,0.884,1,9.03,0.647,1
5,3,0,398.18,0.419,1,6.5,0.721,1
0,0,0,27.81,0.022,0,0.73,0.341,0
3,3,2,149.78,0.707,1,9.91,0.627,1
0,2,0,19.05,0.007,0,0.83,0.29,0
7,8,1,303.84,0.724,1,9.85,0.725,1
0,0,0,5.82,0.02,0,1.49,0.333,0
1,2,3,274.0,0.898,1,3.69,0.958,1
9,2,1,334.31,0.505,1,9.24,0.828,1
1,5,2,63.75,0.888,0,6.85,0.504,1
0,2,0,22.34,0.02,0,1.38,0.239,0
9,3,2,146.44,0.215,0,9.35,0.705,1
0,2,0,13.6,0.033,0,0.58,0.126,0
8,3,0,133.93,0.303,0,2.02,0.812,1
0,0,0,28.49,0.03,0,0.39,0.263,0
0,1,0,31.76,0.042,0,1.1,0.211,0
0,0,0,12.68,0.028,0,0.56,0.205,0
8,3,0,443.3,0.383,1,8.0,0.684,1
10,4,0,471.43,0.275,1,9.09,0.627,1
10,7,2,231.88,0.887,0,8.14,0.862,1
0,2,0,37.81,0.003,0,0.13,0.285,0
0,1,0,11.55,0.032,0,0.16,0.116,0
0,2,0,16.71,0.007,0,1.47,0.242,0
6,3,1,169.66,0.674,1,6.81,0.759,1
7,3,2,131.18,0.668,1,7.09,0.782,1
4,4,3,251.35,0.124,1,2.97,0.637,1
0,0,0,10.9,0.031,0,0.87,0.274,0
0,2,0,20.29,0.03,0,1.16,0.146,0
0,0,0,4.14,0.043,0,0.19,0.196,0
0,0,0,22.13,0.002,0,0.63,0.246,0
9,7,3,87.8,0.641,0,8.28,0.898,1
0,0,0,36.89,0.005,0,1.06,0.281,0
0,1,0,33.04,0.028,0,1.11,0.165,0
6,4,0,385.4,0.312,1,9.58,0.901,1
0,0,0,12.3,0.047,0,1.4,0.293,0
5,7,1,61.12,0.592,0,7.97,0.636,1
9,8,2,132.9,0.361,1,6.44,0.97,1
8,7,1,230.14,0.496,1,4.69,0.502,1
1,5,1,204.44,0.839,0,5.53,0.542,1
0,2,0,36.88,0.048,0,0.74,0.333,0
0,0,0,22.88,0.038,0,0.17,0.358,0
0,2,0,35.47,0.001,0,0.16,0.28,0
0,1,0,27.1,0.0,0,0.56,0.336,0
0,0,0,10.6,0.032,0,0.51,0.151,0
0,1,0,29.51,0.002,0,0.4,0.21,0
0,0,0,9.68,0.045,0,0.21,0.268,0
8,2,2,156.1,0.522,1,6.1,0.969,1
4,7,3,201.08,0.344,0,5.2,0.98,1
0,0,0,1.81,0.01,0,0.1,0.18,0
0,1,0,13.97,0.041,0,0.48,0.188,0
10,7,2,175.98,0.687,0,5.74,0.99,1
0,0,0,4.51,0.035,0,0.63,0.394,0
6,8,1,154.27,0.175,1,9.19,0.518,1
0,0,0,22.37,0.039,0,0.46,0.269,0
0,2,0,7.87,0.038,0,0.83,0.332,0
0,2,0,24.16,0.024,0,1.31,0.259,0
7,8,3,281.82,0.438,1,7.74,0.892,1
7,4,2,90.08,0.336,1,3.43,0.652,1
4,7,3,304.56,0.84,1,8.98,0.558,1
0,1,0,8.89,0.026,0,1.44,0.168,0
9,5,1,100.72,0.567,1,2.34,0.541,1
0,0,0,10.65,0.031,0,0.8,0.393,0
0,2,0,24.82,0.033,0,1.38,0.261,0
0,2,0,4.98,0.005,0,0.52,0.15,0
2,6,1,182.9,0.67,0,4.49,0.675,1
0,0,0,18.88,0.04,0,0.4,0.245,0
5,3,2,238.12,0.305,1,9.89,0.849,1
0,0,0,19.27,0.023,0,1.05,0.239,0
0,0,0,10.95,0.009,0,0.93,0.224,0
7,4,3,242.96,0.422,1,7.79,0.587,1
2,8,3,243.86,0.843,0,6.2,0.831,1
9,3,1,463.57,0.718,0,3.85,0.669,1
8,2,0,344.77,0.246,0,5.48,0.743,1
4,7,3,162.51,0.683,1,2.11,0.882,1
0,0,0,30.16,0.024,1,0.68,0.397,0
7,6,0,95.89,0.386,1,2.56,0.618,1
6,2,1,181.92,0.201,1,4.57,0.744,1
0,2,0,3.39,0.029,0,0.52,0.261,0
0,2,0,10.06,0.014,0,1.33,0.365,0
0,2,0,33.89,0.018,0,0.5,0.253,0
0,1,0,37.54,0.042,0,1.33,0.2,0
8,6,0,454.6,0.163,0,4.39,0.727,1
0,2,0,28.69,0.022,0,1.39,0.242,0
0,2,0,38.26,0.045,0,0.75,0.385,0
8,8,3,166.68,0.219,1,6.13,0.751,1
0,0,0,23.32,0.02,0,0.4,0.286,0
0,2,0,4.49,0.026,1,1.39,0.222,0
0,2,0,39.88,0.012,1,0.68,0.237,0
6,2,1,478.39,0.381,1,7.14,0.583,1
0,1,0,13.7,0.015,0,0.83,0.173,0
3,6,0,74.32,0.652,0,6.84,0.728,1
0,0,0,33.02,0.024,0,0.97,0.396,0
9,4,2,133.04,0.849,1,6.94,0.572,1
0,1,0,24.01,0.011,0,0.33,0.359,0
4,4,1,414.61,0.879,0,6.27,0.838,1
1,8,1,235.37,0.813,0,5.1,0.721,1
1,8,0,93.3,0.139,1,2.84,0.519,1
0,2,0,11.59,0.023,0,0.6,0.391,0
0,1,0,17.71,0.036,0,0.77,0.165,0
0,2,0,32.98,0.001,0,0.96,0.175,0
4,3,3,216.53,0.151,1,4.04,0.559,1
0,1,0,22.4,0.021,0,0.36,0.321,0
5,4,1,105.05,0.809,1,3.41,0.784,1
9,4,3,186.19,0.107,0,4.96,0.873,1
9,2,0,479.06,0.492,0,7.05,0.722,1
3,7,3,402.32,0.38,1,6.52,0.59,1
0,2,0,26.08,0.018,0,1.19,0.373,0
0,2,0,17.65,0.0,0,0.86,0.155,0
6,5,2,372.0,0.337,0,9.41,0.57,1
0,2,0,39.03,0.037,1,1.27,0.285,0
3,6,2,291.38,0.11,1,9.12,0.829,1
0,2,0,23.33,0.022,0,0.34,0.27,0
1,5,0,384.62,0.148,1,4.76,0.917,1
7,7,3,292.3,0.388,1,7.14,0.682,1
2,8,1,164.08,0.547,0,9.63,0.703,1
0,2,0,6.33,0.015,0,0.46,0.322,0
0,0,0,3.71,0.01,1,1.15,0.354,0
0,1,0,29.85,0.012,0,1.1,0.29,0
5,7,3,187.36,0.888,0,6.43,0.718,1
0,2,0,13.87,0.003,0,0.25,0.337,0
0,1,0,10.9,0.046,0,0.43,0.111,0
7,8,2,100.27,0.253,0,4.89,0.965,1
0,0,0,17.02,0.006,0,1.13,0.186,0
0,2,0,2.62,0.046,0,0.84,0.126,0
0,2,0,19.62,0.023,0,1.0,0.14,0
1,1,0,5.08,0.013,0,0.36,0.221,0
7,5,1,359.15,0.682,0,8.71,0.847,1
0,0,0,6.68,0.022,0,1.08,0.183,0
0,1,0,12.18,0.033,1,0.47,0.378,0
2,3,1,185.6,0.534,1,9.13,0.704,1
0,2,0,25.76,0.029,0,1.46,0.333,0
7,8,0,393.56,0.118,0,5.16,0.753,1
10,5,0,480.29,0.587,1,9.98,0.996,1
7,7,0,244.46,0.206,0,7.79,0.781,1
0,2,0,15.99,0.009,0,0.43,0.335,0
1,2,0,314.92,0.108,0,7.4,0.869,1
8,2,3,195.4,0.637,1,6.41,0.818,1
0,2,0,13.06,0.043,0,0.4,0.111,0
1,6,3,227.23,0.362,1,7.97,0.997,1
0,0,0,33.13,0.014,0,0.91,0.271,0
1,3,3,374.87,0.269,0,5.86,0.766,1
0,2,0,38.46,0.043,0,1.19,0.4,0
0,2,0,21.04,0.029,0,0.47,0.202,0
0,2,0,29.79,0.016,0,1.08,0.115,0
10,3,1,390.32,0.541,0,6.69,0.659,1
3,8,3,417.08,0.256,1,4.45,0.83,1
0,2,0,26.91,0.028,0,0.15,0.351,0
0,1,0,11.38,0.026,0,0.54,0.156,0
8,5,0,435.99,0.629,0,7.46,0.519,1
1,7,1,410.0,0.258,1,5.14,0.789,1
6,6,2,386.96,0.375,1,9.94,0.925,1
0,2,0,33.5,0.011,0,1.15,0.244,0
5,7,3,140.28,0.6,1,7.53,0.722,1
4,7,1,351.99,0.127,1,6.88,0.859,1
0,0,0,31.53,0.043,0,1.29,0.173,0
0,2,0,34.58,0.008,1,0.71,0.216,0
10,3,1,211.63,0.647,1,4.79,0.964,1
0,1,0,24.26,0.014,0,0.83,0.349,0
7,5,3,74.0,0.479,1,5.99,0.974,1
10,3,3,117.8,0.857,1,2.11,0.956,1
0,0,0,26.5,0.014,0,0.91,0.319,0
10,3,2,85.79,0.377,1,2.19,0.972,1
10,7,1,344.43,0.343,1,6.72,0.65,1
3,8,0,136.66,0.791,0,7.87,0.895,1
0,1,0,36.57,0.016,0,0.52,0.292,0
1,4,2,165.94,0.868,1,7.43,0.984,1
3,6,1,442.31,0.711,1,9.41,0.577,1
0,0,0,14.43,0.034,0,0.62,0.187,0
0,1,0,18.42,0.01,0,1.23,0.283,0
0,0,0,24.72,0.037,1,1.1,0.381,0
9,4,1,486.78,0.398,1,5.41,0.588,1
3,5,0,236.94,0.105,0,5.82,0.989,1
0,2,0,5.72,0.018,0,1.14,0.136,0
10,6,2,437.77,0.484,1,9.42,0.658,1
1,1,0,4.83,0.004,0,0.31,0.2,0
2,5,3,315.93,0.522,1,4.75,0.963,1
8,8,0,360.37,0.124,1,8.33,0.795,1
5,5,3,419.08,0.626,1,5.35,0.993,1
3,7,0,442.3,0.405,1,4.56,0.631,1
1,2,0,8.49,0.013,0,0.31,0.225,0
4,8,3,416.22,0.105,0,8.54,0.854,1
5,7,3,428.71,0.862,1,8.81,0.815,1
8,3,2,159.67,0.649,1,7.79,0.822,1
10,5,0,97.31,0.77,0,6.57,0.94,1
0,1,0,10.81,0.045,0,0.53,0.337,0
0,2,0,25.43,0.04,0,1.08,0.223,0
0,2,0,7.06,0.033,0,0.16,0.204,0
0,0,0,5.01,0.025,0,1.26,0.31,0
2,8,0,333.06,0.882,1,2.02,0.715,1
0,0,0,32.9,0.019,0,0.93,0.35,0
0,2,0,33.72,0.017,0,0.66,0.25,0
0,1,0,1.44,0.014,0,0.78,0.31,0
6,5,0,260.95,0.284,1,5.3,0.94,1
0,1,0,4.97,0.019,0,0.23,0.314,0
10,2,0,99.4,0.389,1,9.26,0.711,1
4,5,2,388.3,0.583,1,3.74,0.681,1
2,6,3,277.98,0.164,1,7.29,0.549,1
4,2,0,152.93,0.103,1,8.15,0.968,1
0,2,0,13.61,0.004,0,1.01,0.234,0
0,1,0,30.35,0.042,0,0.26,0.363,0
1,6,1,94.51,0.245,0,9.03,0.905,1
6,3,2,171.78,0.21,1,2.7,0.666,1
0,0,0,19.62,0.044,0,0.89,0.365,0
0,2,0,19.43,0.013,0,0.25,0.174,0
0,2,0,2.02,0.02,1,1.27,0.306,0
1,3,1,352.41,0.869,1,8.09,0.987,1
5,7,1,305.0,0.414,0,2.57,0.926,1
3,7,1,455.37,0.433,1,3.19,0.914,1
0,2,0,1.7,0.014,0,0.23,0.265,0
9,4,3,397.53,0.313,1,9.28,0.62,1
0,1,0,22.56,0.036,0,0.28,0.142,0
0,1,0,5.4,0.016,0,1.38,0.341,0
7,4,0,240.75,0.21,0,6.43,0.707,1
6,4,0,404.61,0.24,0,4.6,0.861,1
9,2,3,83.29,0.862,1,5.74,0.604,1
1,6,1,224.48,0.654,0,9.66,0.817,1
5,7,0,206.31,0.381,1,4.36,0.695,1
4,7,3,146.47,0.803,1,9.79,0.624,1
4,6,2,138.88,0.827,0,6.55,0.75,1
5,4,2,131.0,0.16,1,8.77,0.682,1
0,1,0,15.61,0.003,0,1.05,0.329,0
10,7,1,378.16,0.577,1,7.16,0.913,1
0,1,0,19.76,0.009,0,0.79,0.12,0
5,8,3,316.4,0.135,1,2.25,0.695,1
0,1,0,23.83,0.038,0,0.79,0.352,0
0,1,0,1.06,0.0,0,0.52,0.153,0
7,3,2,413.28,0.628,1,3.38,0.792,1
0,2,0,33.04,0.045,0,1.33,0.283,0
0,0,0,17.75,0.022,0,0.56,0.212,0
1,8,3,151.61,0.483,1,5.26,0.762,1
7,8,1,181.22,0.357,0,8.16,0.787,1
10,5,0,122.93,0.513,0,4.61,0.962,1
9,4,0,437.1,0.142,0,5.96,0.791,1
7,8,1,114.69,0.311,0,7.97,0.878,1
5,5,2,449.77,0.21,1,7.65,0.551,1
1,0,0,25.76,0.025,0,1.02,0.348,0
0,0,0,16.82,0.026,0,0.72,0.2,0
1,1,0,16.33,0.004,0,0.89,0.251,0
0,1,0,33.7,0.028,0,0.78,0.27,0
5,4,2,122.8,0.649,0,3.79,0.597,1
3,6,2,463.16,0.14,1,2.78,0.547,1
0,0,0,15.44,0.022,0,1.43,0.171,0
8,7,0,152.29,0.44,1,5.12,0.943,1
0,0,0,4.06,0.017,0,0.91,0.189,0
0,1,0,18.19,0.041,0,0.97,0.34,0
10,8,2,189.17,0.893,1,4.27,0.654,1
0,1,0,13.41,0.0,0,0.23,0.192,0
5,5,0,55.5,0.809,0,3.0,0.907,1
0,2,0,24.34,0.001,0,0.91,0.276,0
8,4,3,321.77,0.789,1,5.9,0.555,1
0,2,0,31.61,0.021,1,0.46,0.274,0
0,1,0,25.82,0.004,0,0.62,0.306,0
0,1,0,8.94,0.028,0,1.1,0.23,0
0,2,0,16.17,0.048,0,0.27,0.288,0
0,1,0,12.47,0.044,0,1.13,0.34,0
6,7,1,352.9,0.705,1,7.85,0.792,1
0,1,0,39.09,0.014,0,1.4,0.392,0
0,1,0,20.77,0.02,0,0.23,0.329,0
4,8,2,134.41,0.585,1,2.11,0.696,1
7,6,0,355.26,0.304,0,7.73,0.528,1
8,4,0,442.78,0.419,1,5.91,0.504,1
0,1,0,19.01,0.018,0,1.48,0.21,0
6,8,1,306.86,0.865,1,2.81,0.947,1
0,0,0,7.53,0.018,0,0.41,0.241,0
0,0,0,36.63,0.002,0,0.14,0.245,0
0,2,0,11.14,0.011,0,0.77,0.244,0
10,3,2,398.15,0.775,1,2.19,0.562,1
0,1,0,4.63,0.049,0,0.4,0.359,0
0,2,0,39.13,0.032,0,0.43,0.142,0
7,4,0,158.47,0.685,0,7.21,0.818,1
0,0,0,9.46,0.04,0,0.4,0.308,0
6,2,0,492.11,0.836,0,4.81,0.989,1
5,8,2,418.4,0.213,1,3.74,0.677,1
0,0,0,36.63,0.019,0,0.89,0.201,0
2,4,3,362.02,0.62,1,4.74,0.561,1
8,4,2,221.2,0.251,0,4.99,0.77,1
7,3,3,330.42,0.304,1,5.31,0.509,1
3,2,2,201.58,0.728,1,7.97,0.591,1
6,2,2,77.96,0.367,1,4.06,0.66,1
0,0,0,7.37,0.043,0,0.22,0.19,0
0,0,0,13.43,0.028,0,1.3,0.358,0
4,6,2,435.33,0.783,0,6.93,0.573,1
0,0,0,24.61,0.002,0,0.45,0.263,0
0,1,0,7.21,0.017,0,1.26,0.386,0
8,7,0,177.19,0.438,1,8.06,0.777,1
7,8,0,231.08,0.163,1,6.9,0.823,1
10,7,3,272.78,0.781,0,4.21,0.522,1
9,7,2,398.53,0.762,1,9.7,0.959,1
5,4,3,355.31,0.358,1,9.4,0.864,1
4,3,2,420.7,0.625,1,2.95,0.907,1
1,1,0,12.01,0.013,0,0.62,0.196,0
6,2,2,128.4,0.112,1,5.84,0.556,1
1,3,3,474.29,0.138,0,6.92,0.998,1
0,1,0,38.44,0.003,0,0.84,0.319,0
0,0,0,18.03,0.025,1,0.85,0.22,0
0,1,0,10.21,0.02,0,1.08,0.322,0
8,5,1,372.62,0.321,1,3.01,0.838,1
0,1,0,3.12,0.024,0,0.69,0.257,0
2,3,3,482.42,0.753,0,2.25,1.0,1
0,1,0,31.91,0.048,0,0.27,0.109,0
5,4,0,93.32,0.741,0,3.94,0.547,1
0,2,0,18.21,0.02,0,1.17,0.322,0
2,6,0,302.46,0.471,0,7.09,0.961,1
5,7,0,379.05,0.216,0,7.95,0.872,1
0,2,0,6.3,0.02,0,0.52,0.117,0
4,4,3,360.16,0.462,1,4.49,0.942,1
1,7,0,112.78,0.426,0,5.63,0.718,1
0,1,0,18.14,0.028,0,0.75,0.127,0
0,1,0,39.94,0.028,0,0.39,0.263,0
0,1,0,28.79,0.004,0,0.49,0.231,0
0,2,0,23.79,0.044,0,0.67,0.331,0
1,3,1,356.78,0.613,0,9.48,0.517,1
0,1,0,5.72,0.036,0,0.99,0.137,0
2,3,1,269.87,0.305,1,2.83,0.662,1
9,2,0,467.63,0.69,0,4.77,0.55,1
9,8,2,399.79,0.15,1,9.39,0.623,1
8,5,2,130.08,0.611,0,3.16,0.585,1
0,2,0,24.26,0.006,0,1.3,0.109,0
0,0,0,4.58,0.049,0,0.1,0.155,0
4,3,2,282.74,0.457,0,4.15,0.938,1
3,3,1,167.29,0.752,1,9.84,0.967,1
0,1,0,11.62,0.039,0,1.2,0.21,0
0,2,0,20.26,0.027,0,1.12,0.263,0
0,0,0,3.87,0.017,0,0.6,0.331,0
8,8,1,196.2,0.688,0,8.13,0.619,1
0,0,0,29.29,0.002,0,0.8,0.349,0
0,1,0,24.49,0.045,0,0.77,0.244,0
0,2,0,20.5,0.015,0,1.06,0.37,0
5,3,1,374.05,0.313,1,7.72,0.883,1
0,0,0,25.32,0.034,0,1.13,0.392,0
4,3,1,473.35,0.887,1,8.51,0.962,1
0,1,0,32.94,0.021,0,0.95,0.308,0
7,2,3,260.7,0.808,1,3.89,0.68,1
0,1,0,34.23,0.029,0,0.21,0.4,0
0,1,0,37.35,0.041,0,1.23,0.163,0
0,2,0,38.12,0.004,0,0.22,0.211,0
0,1,0,16.96,0.028,0,1.5,0.345,0
0,1,0,24.18,0.003,0,0.86,0.202,0
5,2,1,95.72,0.691,1,8.65,0.954,1
8,6,2,430.3,0.663,1,3.95,0.861,1
0,0,0,14.69,0.05,0,0.55,0.164,0
2,7,2,476.61,0.177,1,9.27,0.767,1
0,1,0,6.19,0.036,0,1.35,0.323,0
0,0,0,24.9,0.018,0,0.26,0.365,0
6,8,0,455.95,0.317,1,6.94,0.568,1
4,2,2,149.77,0.556,1,5.82,0.682,1
0,2,0,33.99,0.029,1,0.31,0.223,0
3,4,3,144.59,0.504,0,3.73,0.844,1
10,7,1,447.44,0.213,1,7.77,0.905,1
0,1,0,25.19,0.022,0,1.05,0.386,0
3,6,3,160.05,0.133,0,4.7,0.844,1
0,2,0,2.41,0.008,0,0.39,0.298,0
5,6,1,492.6,0.369,0,8.27,0.653,1
3,2,1,494.1,0.45,1,8.17,0.506,1
4,6,3,480.14,0.328,1,2.47,0.976,1
5,3,0,365.09,0.679,1,6.71,0.581,1
10,8,3,355.09,0.178,0,6.86,0.559,1
10,5,0,320.85,0.325,1,6.11,0.853,1
2,8,2,438.55,0.572,0,5.15,0.575,1
0,0,0,32.81,0.045,0,0.88,0.276,0
0,0,0,4.09,0.016,0,0.59,0.299,0
10,8,2,326.49,0.123,0,3.47,0.877,1
0,2,0,12.73,0.028,0,0.53,0.283,0
4,7,2,140.38,0.403,1,7.99,0.854,1
3,7,1,462.01,0.115,0,2.21,0.858,1
1,3,0,96.91,0.895,1,3.08,0.976,1
0,0,0,37.86,0.004,0,0.48,0.19,0
7,4,2,131.61,0.205,0,9.6,0.654,1
9,4,2,106.66,0.807,1,8.33,0.604,1
0,2,0,5.77,0.02,0,0.52,0.113,0
0,0,0,2.19,0.022,0,1.22,0.264,0
0,2,0,30.66,0.03,1,0.13,0.334,0
0,0,0,1.56,0.015,0,1.1,0.206,0
0,2,0,9.37,0.002,0,0.66,0.179,0
0,2,0,20.04,0.015,0,0.72,0.15,0
0,0,0,16.66,0.008,0,0.18,0.191,0
4,2,2,191.17,0.842,1,3.1,0.619,1
9,4,3,475.55,0.49,0,7.04,0.575,1
0,0,0,27.83,0.007,0,0.89,0.131,0
0,0,0,39.15,0.022,0,1.34,0.3,0
0,2,0,17.91,0.01,1,1.25,0.274,0
6,5,1,274.48,0.81,0,4.42,0.733,1
0,1,0,1.57,0.046,0,1.49,0.214,0
0,1,0,36.62,0.041,0,1.11,0.179,0
0,2,0,28.42,0.003,0,1.48,0.287,0
0,2,0,25.66,0.001,1,0.11,0.188,0
4,6,0,451.61,0.363,1,8.57,0.538,1
10,4,1,335.67,0.429,0,8.28,0.926,1
10,6,2,373.39,0.671,1,4.82,0.902,1
0,2,0,34.03,0.037,0,0.94,0.303,0
10,2,3,100.32,0.63,1,5.45,0.701,1
0,2,0,17.04,0.035,0,1.44,0.383,0
7,6,0,281.47,0.147,1,8.83,0.509,1
0,2,0,27.52,0.01,0,1.47,0.244,0
0,2,0,38.94,0.006,0,0.62,0.232,0
0,2,0,9.07,0.019,0,0.69,0.315,0
9,6,2,65.16,0.88,0,8.15,0.561,1
0,1,0,32.86,0.005,0,1.27,0.3,0
0,1,0,8.08,0.002,0,0.37,0.387,0
7,2,2,119.03,0.395,0,2.56,0.744,1
3,5,1,322.96,0.356,0,8.99,0.72,1
8,6,1,154.48,0.559,1,7.21,0.928,1
0,0,0,19.59,0.034,0,1.37,0.131,0
1,7,1,357.92,0.848,0,4.53,0.76,1
3,6,0,86.29,0.832,1,9.59,0.532,1
7,2,2,345.58,0.716,1,3.23,0.62,1
3,8,0,354.65,0.275,1,6.32,0.975,1
0,2,0,20.65,0.038,0,0.7,0.235,0
1,0,0,32.45,0.037,0,0.78,0.294,0
10,4,1,57.08,0.283,1,6.53,0.744,1
9,6,2,133.28,0.177,1,5.34,0.844,1
0,1,0,31.94,0.014,1,0.23,0.109,0
8,8,3,243.32,0.369,0,5.61,0.952,1
7,3,3,165.23,0.652,0,8.5,0.831,1
1,3,1,489.87,0.873,0,4.64,0.994,1
0,0,0,1.87,0.038,1,0.58,0.346,0
4,6,3,353.43,0.585,0,4.17,0.68,1
5,3,3,382.95,0.103,0,5.03,0.622,1
2,2,1,62.78,0.266,1,9.95,0.611,1
0,0,0,22.29,0.038,0,0.77,0.389,0
2,4,0,368.87,0.29,0,6.56,0.875,1
0,1,0,23.61,0.031,0,0.78,0.129,0
5,4,2,226.64,0.58,0,5.32,0.663,1
0,0,0,19.91,0.009,0,1.2,0.353,0
2,3,1,343.95,0.286,1,8.02,0.942,1
0,1,0,13.83,0.008,0,0.17,0.216,0
0,0,0,26.86,0.022,1,1.01,0.395,0
8,4,3,267.78,0.254,0,4.61,0.746,1
0,1,0,23.18,0.013,0,1.26,0.105,0
0,2,0,9.35,0.014,1,0.29,0.379,0
0,1,0,22.3,0.031,0,1.42,0.249,0
5,5,2,223.71,0.848,0,7.06,0.658,1
0,1,0,30.18,0.029,0,0.67,0.155,0
0,0,0,26.66,0.012,0,0.43,0.397,0
0,0,0,2.59,0.038,0,0.49,0.266,0
7,5,3,267.46,0.854,0,2.88,0.602,1
0,2,0,12.86,0.017,0,1.45,0.248,0
0,1,0,35.83,0.01,0,1.1,0.377,0
6,5,3,86.78,0.584,1,3.27,0.941,1
0,1,0,21.37,0.012,1,0.18,0.128,0
0,2,0,10.02,0.006,0,0.27,0.249,0
10,7,3,386.37,0.593,0,5.2,0.966,1
10,7,2,253.75,0.895,1,9.38,0.566,1
2,3,1,331.27,0.206,1,9.29,0.533,1
5,4,3,61.21,0.726,1,5.49,0.858,1
9,7,0,453.75,0.881,1,9.75,0.798,1
6,3,2,424.67,0.491,1,7.55,0.832,1
9,2,1,233.44,0.12,1,6.46,0.806,1
0,2,0,29.42,0.009,0,0.39,0.191,0
2,4,3,132.36,0.329,1,3.69,0.59,1
4,7,0,354.75,0.184,0,9.92,0.867,1
7,6,1,353.68,0.628,0,2.5,0.976,1
0,1,0,3.4,0.032,0,0.36,0.336,0
6,4,2,350.74,0.413,0,7.43,0.955,1
9,6,2,239.49,0.812,0,3.58,0.669,1
9,2,2,160.12,0.392,1,5.22,0.635,1
3,8,2,191.31,0.425,1,3.34,0.882,1
1,1,0,14.61,0.008,0,0.58,0.133,0
3,6,3,76.11,0.739,1,6.36,0.565,1
0,2,0,6.21,0.025,0,1.24,0.2,0
6,7,0,241.05,0.258,0,5.78,0.947,1
8,8,3,268.74,0.468,1,8.9,0.976,1
0,0,0,30.04,0.039,0,0.95,0.317,0
5,8,1,193.96,0.572,1,7.4,0.907,1
0,2,0,23.11,0.033,0,1.42,0.124,0
2,2,0,155.9,0.198,1,7.84,0.986,1
0,2,0,38.96,0.012,0,0.39,0.277,0
0,1,0,14.66,0.045,0,0.14,0.349,0
3,8,2,297.97,0.848,0,3.68,0.737,1
0,0,0,1.51,0.039,0,1.39,0.191,0
6,3,1,107.86,0.733,1,6.83,0.677,1
1,2,2,60.52,0.834,1,8.24,0.52,1
5,4,1,108.6,0.888,0,4.66,0.654,1
7,7,2,345.69,0.814,1,6.23,0.856,1
0,0,0,2.48,0.049,0,0.51,0.177,0
0,2,0,8.76,0.015,0,0.13,0.235,0
4,7,0,133.32,0.446,1,2.76,0.765,1
3,2,1,449.28,0.427,1,8.57,0.538,1
3,6,0,453.57,0.448,1,3.19,0.85,1
8,4,1,262.18,0.854,1,8.1,0.698,1
0,2,0,17.57,0.041,0,0.58,0.378,0
8,4,0,128.25,0.556,0,2.77,0.691,1
2,6,3,466.99,0.108,0,4.73,0.59,1
6,8,3,451.41,0.474,1,4.82,0.833,1
0,2,0,18.28,0.026,1,1.26,0.154,0
0,2,0,27.72,0.004,0,0.18,0.272,0
9,5,3,434.96,0.744,1,3.35,0.94,1
0,1,0,34.83,0.013,0,0.61,0.324,0
0,2,0,35.54,0.04,0,0.14,0.292,0
0,2,0,19.13,0.014,0,0.53,0.323,0
0,0,0,9.92,0.006,0,0.97,0.278,0
1,5,3,360.12,0.808,0,5.79,0.908,1
0,1,0,31.24,0.018,0,0.57,0.197,0
0,0,0,33.46,0.041,0,0.8,0.207,0
0,1,0,11.95,0.044,1,1.3,0.261,0
0,0,0,10.3,0.039,0,1.21,0.18,0
2,8,1,334.37,0.278,1,3.07,0.987,1
8,8,0,434.23,0.885,1,6.96,0.806,1
0,0,0,18.51,0.008,0,1.25,0.278,0
0,1,0,17.46,0.027,0,0.83,0.346,0
0,0,0,13.06,0.031,0,0.29,0.121,0
7,2,3,465.59,0.708,1,4.71,0.934,1
6,8,3,99.74,0.378,1,9.43,0.686,1
0,1,0,11.36,0.039,0,0.17,0.346,0
4,4,2,197.53,0.525,0,5.51,0.945,1
10,4,2,127.89,0.629,1,2.56,0.641,1
2,6,2,373.6,0.832,1,9.05,0.948,1
2,6,3,51.51,0.138,1,6.1,0.532,1
8,8,0,282.86,0.412,1,3.86,0.652,1
9,7,3,445.76,0.748,0,6.3,0.592,1
2,4,2,196.18,0.563,0,4.82,0.801,1
1,6,3,323.93,0.326,1,5.06,0.748,1
0,1,0,31.02,0.039,1,0.88,0.183,0
8,5,0,106.99,0.531,0,7.05,0.96,1
0,0,0,14.86,0.014,0,0.23,0.162,0
0,0,0,23.09,0.023,0,1.39,0.211,0
2,2,0,74.62,0.412,0,4.78,0.906,1
1,0,0,20.32,0.044,0,0.78,0.142,0
0,2,0,6.76,0.001,0,1.05,0.31,0
9,8,3,247.42,0.389,0,8.26,0.87,1
0,2,0,32.02,0.006,0,0.14,0.13,0
0,0,0,15.39,0.019,0,0.44,0.204,0
6,2,0,340.04,0.668,1,8.53,0.844,1
3,4,2,59.48,0.171,1,6.57,0.792,1
8,7,3,152.91,0.532,0,5.81,0.74,1
4,4,2,102.66,0.288,1,4.01,0.996,1
2,2,1,64.22,0.663,1,5.29,0.649,1
0,1,0,10.44,0.042,0,0.96,0.307,0
0,0,0,32.72,0.046,0,1.12,0.1,0
0,0,0,4.86,0.044,0,0.2,0.325,0
6,3,2,324.62,0.151,0,4.66,0.766,1
0,0,0,34.49,0.034,1,0.8,0.341,0
0,2,0,2.61,0.037,0,0.11,0.176,0
0,2,0,36.17,0.041,0,0.76,0.349,0
1,2,0,9.24,0.009,0,0.68,0.236,0
3,4,0,132.89,0.727,0,5.28,0.922,1
0,1,0,39.76,0.007,1,1.48,0.134,0
1,0,0,35.79,0.027,0,0.81,0.22,0
0,1,0,2.62,0.009,0,0.52,0.247,0
1,3,0,217.48,0.871,1,2.52,0.603,1
0,0,0,14.23,0.03,0,0.76,0.268,0
0,1,0,26.63,0.045,0,1.3,0.138,0
1,8,3,306.99,0.46,1,5.63,0.595,1
7,2,3,452.84,0.277,1,3.73,0.547,1
1,2,1,202.98,0.822,0,5.38,0.705,1
0,0,0,32.56,0.031,0,0.75,0.165,0
0,2,0,39.79,0.038,0,0.37,0.342,0
6,3,2,298.26,0.54,1,4.57,0.997,1
0,1,0,32.38,0.001,0,0.74,0.164,0
0,2,0,3.39,0.028,0,0.87,0.245,0
0,2,0,26.55,0.019,0,0.96,0.255,0
8,6,2,320.0,0.6,1,2.61,0.993,1
4,3,1,376.68,0.311,1,8.63,0.984,1
8,7,2,293.26,0.156,0,8.35,0.67,1
0,1,0,34.79,0.036,0,0.3,0.275,0
0,1,0,24.58,0.033,0,1.36,0.251,0
7,4,1,499.46,0.328,0,5.06,0.704,1
0,0,0,7.66,0.011,0,1.16,0.204,0
0,2,0,5.73,0.024,0,0.5,0.347,0
5,4,0,422.2,0.79,1,9.22,0.556,1
0,0,0,35.05,0.009,0,0.48,0.177,0
3,7,3,397.36,0.486,0,5.85,0.58,1
1,5,1,252.81,0.458,1,5.89,0.593,1
4,3,3,462.89,0.172,0,5.69,0.685,1
0,2,0,15.87,0.013,0,0.64,0.376,0
4,2,2,352.55,0.243,1,2.64,0.722,1
0,2,0,34.86,0.008,0,0.82,0.383,0
9,2,2,351.02,0.549,1,2.08,0.826,1
0,0,0,2.81,0.007,0,0.19,0.148,0
10,5,1,264.16,0.52,0,6.63,0.727,1
4,2,2,189.29,0.714,1,8.34,0.698,1
3,7,3,57.74,0.768,0,7.4,0.963,1
0,0,0,15.61,0.007,0,0.1,0.147,0
4,3,2,70.3,0.802,0,9.54,0.695,1
3,4,2,210.56,0.636,0,9.22,0.568,1
8,6,1,51.82,0.615,0,9.91,0.801,1
0,0,0,23.46,0.044,0,0.35,0.136,0
0,2,0,24.89,0.045,0,0.46,0.388,0
7,6,0,321.76,0.424,1,2.05,0.787,1
3,2,3,419.92,0.413,0,7.1,0.937,1
0,0,0,27.22,0.037,0,1.06,0.319,0
0,1,0,18.86,0.02,0,1.05,0.358,0
0,1,0,34.96,0.02,0,0.5,0.253,0
7,7,2,138.78,0.641,0,6.14,0.713,1
0,0,0,9.27,0.027,0,1.25,0.229,0
10,2,0,116.22,0.429,0,4.14,0.803,1
1,3,2,187.33,0.346,1,9.76,0.785,1
0,0,0,10.71,0.023,0,1.2,0.196,0
0,0,0,38.45,0.002,0,0.71,0.167,0
0,2,0,8.53,0.009,0,1.3,0.299,0
5,7,3,362.58,0.301,1,9.88,0.622,1
0,0,0,37.54,0.004,0,1.1,0.237,0
8,7,2,196.4,0.159,1,4.92,0.859,1
4,6,0,401.24,0.162,0,2.27,0.888,1
3,5,0,443.61,0.539,1,5.99,0.762,1
8,7,1,448.9,0.121,1,9.58,0.528,1
10,3,0,248.9,0.856,0,4.3,0.706,1
8,8,1,333.32,0.247,0,2.86,0.639,1
0,2,0,16.85,0.015,0,1.34,0.263,0
7,8,2,214.94,0.773,1,6.7,0.827,1
5,6,2,265.35,0.834,0,7.41,0.506,1
8,5,3,296.94,0.702,1,4.89,0.977,1
0,0,0,26.55,0.004,0,0.23,0.124,0
2,5,0,264.43,0.845,1,3.94,0.896,1
0,2,0,20.24,0.01,0,0.76,0.174,0
10,2,0,270.74,0.678,1,7.94,0.973,1
3,2,0,362.64,0.414,1,3.87,0.507,1
7,5,0,405.06,0.852,1,7.0,0.936,1
0,0,0,39.26,0.037,0,0.84,0.206,0
0,1,0,6.47,0.016,0,1.38,0.34,0
0,1,0,35.58,0.004,1,0.8,0.338,0
3,6,0,419.0,0.136,1,8.96,0.652,1
8,6,1,369.68,0.255,1,2.03,0.922,1
0,0,0,14.25,0.033,0,0.74,0.232,0
0,1,0,17.17,0.043,0,1.32,0.287,0
10,3,3,486.2,0.437,1,9.21,0.607,1
0,1,0,26.16,0.026,0,0.29,0.251,0
